{"1_announcementReceived0": 1635255025.105121, "3_winnerDomainReceived0": 1635255038.754221, "6_winnerDomainReceived1": 1635255074.170253, "0_start": 1635254998.96945, "9_end": 1635255088.716209, "2_BidIPsent0": 1635255029.89688, "8_fedService2Running": 1635255076.371711, "7_deployFedService2": 1635255074.171492, "4_announcementReceived1": 1635255061.831531, "5_BidIPsent1": 1635255067.047943}