{"1_announcementReceived0": 1635256205.617904, "3_winnerDomainReceived0": 1635256215.210721, "4_deployFedService": 1635256215.21118, "6_end": 1635256231.337872, "0_start": 1635256197.921649, "5_fedServiceRunning": 1635256217.40287, "2_BidIPsent0": 1635256209.602914}