{"1_announcementReceived1": 1635255909.876446, "3_winnerDomainReceived1": 1635255920.444238, "6_winnerDomainReceived0": 1635255956.448015, "5_BidIPsent0": 1635255948.789862, "0_start": 1635255903.972459, "9_end": 1635255971.787037, "8_fedService2Running": 1635255958.627828, "4_announcementReceived0": 1635255943.776094, "2_BidIPsent1": 1635255914.572247, "7_deployFedService2": 1635255956.448562}