{"6_BidProviderChosen1": 1635255069.163827, "1_BidProviderChosen0": 1635255032.527739, "0_start": 1635255019.593459, "2_BidSrcIPadded0": 1635255037.021713, "3_deploymentStarted": 1635255043.897168, "9_service2Running": 1635255082.078382, "8_federation2": 1635255079.86293, "5_federationFailed": 1635255056.117345, "7_BidSrcIPadded1": 1635255073.050721, "10_end": 1635255092.121853, "4_serviceRunning": 1635255046.070309}