{"6_BidProviderChosen0": 1635255951.51038, "7_BidSrcIPadded0": 1635255954.139693, "1_BidProviderChosen1": 1635255915.751077, "0_start": 1635255904.429593, "2_BidSrcIPadded1": 1635255918.751472, "3_deploymentStarted": 1635255927.192187, "9_service2Running": 1635255966.466813, "8_federation2": 1635255964.259946, "5_federationFailed": 1635255939.413562, "10_end": 1635255975.509335, "4_serviceRunning": 1635255929.364659}