{"6_BidProviderChosen0": 1635255249.687604, "7_BidSrcIPadded0": 1635255252.551869, "1_BidProviderChosen1": 1635255213.954494, "0_start": 1635255203.046166, "2_BidSrcIPadded1": 1635255217.743004, "3_deploymentStarted": 1635255224.514408, "9_service2Running": 1635255261.417425, "8_federation2": 1635255259.210354, "5_federationFailed": 1635255236.748618, "10_end": 1635255271.463566, "4_serviceRunning": 1635255226.70407}