{"1_announcementReceived0": 1635257097.669036, "3_winnerDomainReceived0": 1635257108.357018, "4_deployFedService": 1635257108.357572, "6_end": 1635257124.376331, "0_start": 1635257089.834191, "5_fedServiceRunning": 1635257110.569176, "2_BidIPsent0": 1635257102.600836}