{"6_BidProviderChosen1": 1635257140.681663, "1_BidProviderChosen0": 1635257103.217167, "0_start": 1635257091.081676, "2_BidSrcIPadded0": 1635257106.711749, "3_deploymentStarted": 1635257115.212153, "9_service2Running": 1635257152.996472, "8_federation2": 1635257150.80262, "5_federationFailed": 1635257127.448573, "7_BidSrcIPadded1": 1635257144.090206, "10_end": 1635257163.042731, "4_serviceRunning": 1635257117.40225}