{"1_announcementReceived0": 1635257603.585286, "3_winnerDomainReceived0": 1635257614.33993, "4_deployFedService": 1635257614.340839, "6_end": 1635257629.810266, "0_start": 1635257595.73819, "5_fedServiceRunning": 1635257616.52567, "2_BidIPsent0": 1635257608.464358}