{"1_announcementReceived0": 1635259831.397411, "3_winnerDomainReceived0": 1635259841.325491, "4_deployFedService": 1635259841.326542, "6_end": 1635259857.172336, "0_start": 1635259823.718013, "5_fedServiceRunning": 1635259843.530468, "2_BidIPsent0": 1635259835.720206}