{"1_announcementReceived1": 1635255208.850716, "3_winnerDomainReceived1": 1635255218.776109, "4_deployFedService": 1635255218.77737, "6_end": 1635255233.285514, "0_start": 1635255199.099727, "5_fedServiceRunning": 1635255220.984583, "2_BidIPsent1": 1635255213.099443}