{"1_announcementReceived0": 1635259606.197135, "3_winnerDomainReceived0": 1635259623.276597, "4_deployFedService": 1635259623.277025, "6_end": 1635259639.223232, "0_start": 1635259600.227465, "5_fedServiceRunning": 1635259625.730929, "2_BidIPsent0": 1635259611.103849}