{"1_announcementReceived1": 1635257477.73993, "3_winnerDomainReceived1": 1635257487.508925, "4_deployFedService": 1635257487.509322, "6_end": 1635257504.039699, "0_start": 1635257469.98179, "5_fedServiceRunning": 1635257489.706196, "2_BidIPsent1": 1635257481.655607}