{"1_announcementReceived1": 1635259450.958773, "3_winnerDomainReceived1": 1635259460.774748, "6_winnerDomainReceived0": 1635259495.355897, "5_BidIPsent0": 1635259489.945745, "0_start": 1635259443.465866, "9_end": 1635259511.118268, "8_fedService2Running": 1635259497.553098, "4_announcementReceived0": 1635259485.76391, "2_BidIPsent1": 1635259455.232681, "7_deployFedService2": 1635259495.357339}