{"6_BidProviderChosen0": 1635259957.741723, "7_BidSrcIPadded0": 1635259960.501023, "1_BidProviderChosen1": 1635259923.09206, "0_start": 1635259911.513664, "2_BidSrcIPadded1": 1635259926.174433, "3_deploymentStarted": 1635259936.41127, "9_service2Running": 1635259971.262526, "8_federation2": 1635259969.071046, "5_federationFailed": 1635259947.63614, "10_end": 1635259980.303155, "4_serviceRunning": 1635259938.590186}