{"1_announcementReceived1": 1635255540.582999, "3_winnerDomainReceived1": 1635255550.234622, "6_winnerDomainReceived0": 1635255585.927931, "5_BidIPsent0": 1635255580.127927, "0_start": 1635255531.053098, "9_end": 1635255601.510267, "8_fedService2Running": 1635255588.353437, "4_announcementReceived0": 1635255575.601821, "2_BidIPsent1": 1635255546.075305, "7_deployFedService2": 1635255585.928374}