{"6_BidProviderChosen0": 1635256846.031354, "7_BidSrcIPadded0": 1635256849.024363, "1_BidProviderChosen1": 1635256812.693967, "0_start": 1635256795.531496, "2_BidSrcIPadded1": 1635256816.366989, "3_deploymentStarted": 1635256824.955441, "9_service2Running": 1635256858.063059, "8_federation2": 1635256855.857567, "5_federationFailed": 1635256837.21826, "10_end": 1635256868.108849, "4_serviceRunning": 1635256827.170307}