{"1_announcementReceived0": 1635257098.717911, "3_winnerDomainReceived0": 1635257108.823911, "6_winnerDomainReceived1": 1635257145.535166, "0_start": 1635257091.041062, "9_end": 1635257159.64827, "2_BidIPsent0": 1635257104.754434, "8_fedService2Running": 1635257147.733717, "7_deployFedService2": 1635257145.536472, "4_announcementReceived1": 1635257133.587237, "5_BidIPsent1": 1635257138.214726}