{"1_announcementReceived1": 1635257959.842504, "3_winnerDomainReceived1": 1635257970.258427, "6_winnerDomainReceived0": 1635258007.691385, "5_BidIPsent0": 1635258000.788807, "0_start": 1635257954.04438, "9_end": 1635258022.760623, "8_fedService2Running": 1635258009.906649, "4_announcementReceived0": 1635257994.938279, "2_BidIPsent1": 1635257964.610775, "7_deployFedService2": 1635258007.692594}