{"6_BidProviderChosen1": 1635256252.93373, "1_BidProviderChosen0": 1635256210.650962, "0_start": 1635256199.380043, "2_BidSrcIPadded0": 1635256213.87967, "3_deploymentStarted": 1635256222.425864, "9_service2Running": 1635256267.701036, "8_federation2": 1635256265.267522, "5_federationFailed": 1635256234.669872, "7_BidSrcIPadded1": 1635256256.065427, "10_end": 1635256277.744937, "4_serviceRunning": 1635256224.628368}