{"6_BidProviderChosen1": 1635259651.71494, "1_BidProviderChosen0": 1635259613.196161, "0_start": 1635259600.647295, "2_BidSrcIPadded0": 1635259620.861317, "3_deploymentStarted": 1635259631.410712, "9_service2Running": 1635259662.987151, "8_federation2": 1635259660.782899, "5_federationFailed": 1635259642.644746, "7_BidSrcIPadded1": 1635259653.974523, "10_end": 1635259673.02965, "4_serviceRunning": 1635259633.602683}