{"6_BidProviderChosen1": 1635255410.261609, "1_BidProviderChosen0": 1635255373.645126, "0_start": 1635255360.006988, "2_BidSrcIPadded0": 1635255376.385628, "3_deploymentStarted": 1635255384.852244, "9_service2Running": 1635255426.192577, "8_federation2": 1635255423.990918, "5_federationFailed": 1635255397.089407, "7_BidSrcIPadded1": 1635255415.286571, "10_end": 1635255436.238735, "4_serviceRunning": 1635255387.044642}