{"1_announcementReceived1": 1635256801.554513, "3_winnerDomainReceived1": 1635256817.132455, "6_winnerDomainReceived0": 1635256849.652801, "5_BidIPsent0": 1635256844.88811, "0_start": 1635256790.257381, "9_end": 1635256865.089468, "8_fedService2Running": 1635256851.830472, "4_announcementReceived0": 1635256841.60716, "2_BidIPsent1": 1635256810.568421, "7_deployFedService2": 1635256849.653201}