{"6_BidProviderChosen0": 1635255581.527696, "7_BidSrcIPadded0": 1635255583.89509, "1_BidProviderChosen1": 1635255545.45498, "0_start": 1635255534.119425, "2_BidSrcIPadded1": 1635255548.121689, "3_deploymentStarted": 1635255558.430049, "9_service2Running": 1635255594.679263, "8_federation2": 1635255592.463839, "5_federationFailed": 1635255569.667247, "10_end": 1635255604.722501, "4_serviceRunning": 1635255560.625419}