{"6_BidProviderChosen1": 1635258213.425621, "1_BidProviderChosen0": 1635258177.805496, "0_start": 1635258165.649127, "2_BidSrcIPadded0": 1635258180.450774, "3_deploymentStarted": 1635258189.011472, "9_service2Running": 1635258231.211439, "8_federation2": 1635258228.989224, "5_federationFailed": 1635258201.25981, "7_BidSrcIPadded1": 1635258218.736261, "10_end": 1635258240.251337, "4_serviceRunning": 1635258191.209533}