{"6_BidProviderChosen0": 1635259761.609338, "7_BidSrcIPadded0": 1635259764.445871, "1_BidProviderChosen1": 1635259725.840791, "0_start": 1635259714.771608, "2_BidSrcIPadded1": 1635259728.537512, "3_deploymentStarted": 1635259737.194813, "9_service2Running": 1635259775.141845, "8_federation2": 1635259772.932302, "5_federationFailed": 1635259749.429053, "10_end": 1635259785.1862, "4_serviceRunning": 1635259739.384121}