{"1_announcementReceived1": 1635259451.416886, "3_winnerDomainReceived1": 1635259461.140315, "4_deployFedService": 1635259461.141252, "6_end": 1635259476.808271, "0_start": 1635259441.747367, "5_fedServiceRunning": 1635259463.340898, "2_BidIPsent1": 1635259455.237019}