{"6_BidProviderChosen1": 1635255802.921698, "1_BidProviderChosen0": 1635255769.468626, "0_start": 1635255756.817873, "2_BidSrcIPadded0": 1635255772.025516, "3_deploymentStarted": 1635255780.462858, "9_service2Running": 1635255817.976686, "8_federation2": 1635255815.77053, "5_federationFailed": 1635255792.70498, "7_BidSrcIPadded1": 1635255805.566198, "10_end": 1635255827.014632, "4_serviceRunning": 1635255782.659287}