{"1_announcementReceived0": 1635256708.232306, "3_winnerDomainReceived0": 1635256717.892418, "6_winnerDomainReceived1": 1635256751.688369, "0_start": 1635256700.34822, "9_end": 1635256767.656114, "2_BidIPsent0": 1635256713.786911, "8_fedService2Running": 1635256753.877137, "7_deployFedService2": 1635256751.689366, "4_announcementReceived1": 1635256741.373982, "5_BidIPsent1": 1635256745.78608}