{"1_announcementReceived1": 1635259719.861092, "3_winnerDomainReceived1": 1635259730.338732, "6_winnerDomainReceived0": 1635259766.285523, "5_BidIPsent0": 1635259760.579301, "0_start": 1635259713.91502, "9_end": 1635259781.59826, "8_fedService2Running": 1635259768.475914, "4_announcementReceived0": 1635259755.169094, "2_BidIPsent1": 1635259724.629752, "7_deployFedService2": 1635259766.286646}