{"1_announcementReceived0": 1635259605.952135, "3_winnerDomainReceived0": 1635259623.237767, "6_winnerDomainReceived1": 1635259655.153646, "0_start": 1635259598.125646, "9_end": 1635259669.785292, "2_BidIPsent0": 1635259610.769229, "8_fedService2Running": 1635259657.356659, "7_deployFedService2": 1635259655.155515, "4_announcementReceived1": 1635259647.17882, "5_BidIPsent1": 1635259650.30916}