{"1_announcementReceived0": 1635255367.018212, "3_winnerDomainReceived0": 1635255378.417126, "6_winnerDomainReceived1": 1635255417.092078, "0_start": 1635255352.560766, "9_end": 1635255432.856634, "2_BidIPsent0": 1635255372.62928, "8_fedService2Running": 1635255419.307801, "7_deployFedService2": 1635255417.093154, "4_announcementReceived1": 1635255402.420603, "5_BidIPsent1": 1635255407.711991}