{"6_BidProviderChosen0": 1635257519.200623, "7_BidSrcIPadded0": 1635257522.336442, "1_BidProviderChosen1": 1635257482.773698, "0_start": 1635257471.972851, "2_BidSrcIPadded1": 1635257485.607606, "3_deploymentStarted": 1635257495.87386, "9_service2Running": 1635257531.923147, "8_federation2": 1635257529.715717, "5_federationFailed": 1635257507.098707, "10_end": 1635257542.038562, "4_serviceRunning": 1635257498.055383}