{"1_announcementReceived0": 1635259832.223934, "3_winnerDomainReceived0": 1635259841.699913, "6_winnerDomainReceived1": 1635259876.814673, "0_start": 1635259822.712799, "9_end": 1635259892.564739, "2_BidIPsent0": 1635259837.497025, "8_fedService2Running": 1635259879.011558, "7_deployFedService2": 1635259876.816332, "4_announcementReceived1": 1635259865.386004, "5_BidIPsent1": 1635259869.299788}