{"1_announcementReceived1": 1635255910.574936, "3_winnerDomainReceived1": 1635255920.443506, "4_deployFedService": 1635255920.444567, "6_end": 1635255936.231257, "0_start": 1635255902.737481, "5_fedServiceRunning": 1635255922.631827, "2_BidIPsent1": 1635255914.678622}