{"1_announcementReceived0": 1635255025.636316, "3_winnerDomainReceived0": 1635255037.946571, "4_deployFedService": 1635255037.947877, "6_end": 1635255052.639663, "0_start": 1635254993.428457, "5_fedServiceRunning": 1635255040.153075, "2_BidIPsent0": 1635255030.310763}