{"1_announcementReceived0": 1635256707.163595, "3_winnerDomainReceived0": 1635256717.618351, "4_deployFedService": 1635256717.618763, "6_end": 1635256733.345215, "0_start": 1635256701.316963, "5_fedServiceRunning": 1635256719.811459, "2_BidIPsent0": 1635256711.952069}