{"6_BidProviderChosen0": 1635256640.656397, "7_BidSrcIPadded0": 1635256643.608716, "1_BidProviderChosen1": 1635256603.133845, "0_start": 1635256592.120537, "2_BidSrcIPadded1": 1635256605.932333, "3_deploymentStarted": 1635256614.398567, "9_service2Running": 1635256655.873968, "8_federation2": 1635256653.667508, "5_federationFailed": 1635256626.621498, "10_end": 1635256664.912684, "4_serviceRunning": 1635256616.577933}