{"1_announcementReceived1": 1635259918.783462, "3_winnerDomainReceived1": 1635259928.525141, "6_winnerDomainReceived0": 1635259962.383622, "5_BidIPsent0": 1635259956.405936, "0_start": 1635259909.096086, "9_end": 1635259976.58401, "8_fedService2Running": 1635259964.573783, "4_announcementReceived0": 1635259952.400804, "2_BidIPsent1": 1635259924.331434, "7_deployFedService2": 1635259962.384341}