{"1_announcementReceived1": 1635257476.964566, "3_winnerDomainReceived1": 1635257487.421979, "6_winnerDomainReceived0": 1635257523.871998, "5_BidIPsent0": 1635257518.054978, "0_start": 1635257471.062779, "9_end": 1635257538.288326, "8_fedService2Running": 1635257526.076567, "4_announcementReceived0": 1635257514.183654, "2_BidIPsent1": 1635257481.694499, "7_deployFedService2": 1635257523.873145}