{"1_announcementReceived1": 1635256802.696005, "3_winnerDomainReceived1": 1635256817.801525, "4_deployFedService": 1635256817.80202, "6_end": 1635256834.062055, "0_start": 1635256791.633789, "5_fedServiceRunning": 1635256819.987233, "2_BidIPsent1": 1635256810.430383}