{"1_announcementReceived1": 1635256597.733001, "3_winnerDomainReceived1": 1635256608.171406, "4_deployFedService": 1635256608.171907, "6_end": 1635256623.789658, "0_start": 1635256590.036764, "5_fedServiceRunning": 1635256610.628238, "2_BidIPsent1": 1635256602.298033}