{"1_announcementReceived0": 1635256206.161954, "3_winnerDomainReceived0": 1635256215.860112, "6_winnerDomainReceived1": 1635256257.809673, "0_start": 1635256196.58133, "9_end": 1635256274.023899, "2_BidIPsent0": 1635256211.68505, "8_fedService2Running": 1635256260.012802, "7_deployFedService2": 1635256257.810906, "4_announcementReceived1": 1635256241.426527, "5_BidIPsent1": 1635256251.967682}