{"1_announcementReceived0": 1635257605.08887, "3_winnerDomainReceived0": 1635257614.506129, "6_winnerDomainReceived1": 1635257647.931168, "0_start": 1635257597.419618, "9_end": 1635257664.148114, "2_BidIPsent0": 1635257610.408329, "8_fedService2Running": 1635257650.136183, "7_deployFedService2": 1635257647.931995, "4_announcementReceived1": 1635257637.39887, "5_BidIPsent1": 1635257642.3243}