{"6_BidProviderChosen1": 1635256746.766533, "1_BidProviderChosen0": 1635256713.202099, "0_start": 1635256701.733363, "2_BidSrcIPadded0": 1635256715.659126, "3_deploymentStarted": 1635256724.210449, "9_service2Running": 1635256762.163572, "8_federation2": 1635256759.95697, "5_federationFailed": 1635256736.454284, "7_BidSrcIPadded1": 1635256749.653746, "10_end": 1635256771.203117, "4_serviceRunning": 1635256726.405059}