{"1_announcementReceived0": 1635258172.107789, "3_winnerDomainReceived0": 1635258182.094205, "4_deployFedService": 1635258182.095075, "6_end": 1635258198.200582, "0_start": 1635258164.463092, "5_fedServiceRunning": 1635258184.286525, "2_BidIPsent0": 1635258176.380239}