{"1_announcementReceived1": 1635255540.284971, "3_winnerDomainReceived1": 1635255549.812168, "4_deployFedService": 1635255549.812629, "6_end": 1635255565.873247, "0_start": 1635255532.664303, "5_fedServiceRunning": 1635255551.997678, "2_BidIPsent1": 1635255544.129157}