{"1_announcementReceived0": 1635255765.158005, "3_winnerDomainReceived0": 1635255772.853611, "6_winnerDomainReceived1": 1635255807.672592, "0_start": 1635255753.785608, "9_end": 1635255823.464353, "2_BidIPsent0": 1635255770.302631, "8_fedService2Running": 1635255809.856486, "7_deployFedService2": 1635255807.673912, "4_announcementReceived1": 1635255797.895134, "5_BidIPsent1": 1635255801.822003}