{"6_BidProviderChosen1": 1635257643.465897, "1_BidProviderChosen0": 1635257609.636064, "0_start": 1635257597.966841, "2_BidSrcIPadded0": 1635257612.368459, "3_deploymentStarted": 1635257620.741689, "9_service2Running": 1635257658.525028, "8_federation2": 1635257656.313749, "5_federationFailed": 1635257632.980292, "7_BidSrcIPadded1": 1635257646.197221, "10_end": 1635257667.568948, "4_serviceRunning": 1635257622.932728}