{"1_announcementReceived1": 1635259720.577408, "3_winnerDomainReceived1": 1635259730.789765, "4_deployFedService": 1635259730.790148, "6_end": 1635259746.457307, "0_start": 1635259712.836534, "5_fedServiceRunning": 1635259732.98354, "2_BidIPsent1": 1635259724.828317}