{"1_announcementReceived1": 1635257960.4411, "3_winnerDomainReceived1": 1635257970.493046, "4_deployFedService": 1635257970.493949, "6_end": 1635257984.757192, "0_start": 1635257952.625029, "5_fedServiceRunning": 1635257972.712524, "2_BidIPsent1": 1635257964.820029}