{"1_announcementReceived1": 1635259918.171856, "3_winnerDomainReceived1": 1635259927.846932, "4_deployFedService": 1635259927.847382, "6_end": 1635259944.795239, "0_start": 1635259910.482517, "5_fedServiceRunning": 1635259930.054198, "2_BidIPsent1": 1635259922.240642}