{"1_announcementReceived1": 1635255208.857352, "3_winnerDomainReceived1": 1635255218.700821, "6_winnerDomainReceived0": 1635255252.915523, "5_BidIPsent0": 1635255248.937169, "0_start": 1635255201.178238, "9_end": 1635255268.58608, "8_fedService2Running": 1635255255.133553, "4_announcementReceived0": 1635255243.387491, "2_BidIPsent1": 1635255213.059182, "7_deployFedService2": 1635255252.916849}