{"1_announcementReceived0": 1635258172.806711, "3_winnerDomainReceived0": 1635258182.637925, "6_winnerDomainReceived1": 1635258220.684422, "0_start": 1635258163.235934, "9_end": 1635258236.750693, "2_BidIPsent0": 1635258178.529941, "8_fedService2Running": 1635258222.88267, "7_deployFedService2": 1635258220.685586, "4_announcementReceived1": 1635258206.127071, "5_BidIPsent1": 1635258211.477776}