{"1_announcementReceived0": 1635255764.482569, "3_winnerDomainReceived0": 1635255773.904889, "4_deployFedService": 1635255773.905408, "6_end": 1635255789.373394, "0_start": 1635255755.173758, "5_fedServiceRunning": 1635255776.116403, "2_BidIPsent0": 1635255768.236184}