{"6_BidProviderChosen0": 1635259491.305817, "7_BidSrcIPadded0": 1635259493.70887, "1_BidProviderChosen1": 1635259456.258861, "0_start": 1635259445.382525, "2_BidSrcIPadded1": 1635259458.935296, "3_deploymentStarted": 1635259468.867094, "9_service2Running": 1635259505.800393, "8_federation2": 1635259503.582805, "5_federationFailed": 1635259480.11316, "10_end": 1635259514.837133, "4_serviceRunning": 1635259471.077201}