{"1_announcementReceived0": 1635255367.416072, "3_winnerDomainReceived0": 1635255378.267806, "4_deployFedService": 1635255378.26851, "6_end": 1635255394.098072, "0_start": 1635255356.30685, "5_fedServiceRunning": 1635255380.464373, "2_BidIPsent0": 1635255372.63128}