{"1_announcementReceived1": 1635256598.803027, "3_winnerDomainReceived1": 1635256608.035703, "6_winnerDomainReceived0": 1635256645.537741, "5_BidIPsent0": 1635256638.272728, "0_start": 1635256591.231966, "9_end": 1635256661.439581, "8_fedService2Running": 1635256647.728983, "4_announcementReceived0": 1635256633.077354, "2_BidIPsent1": 1635256604.041739, "7_deployFedService2": 1635256645.539086}