{"6_BidProviderChosen0": 1635258003.008104, "7_BidSrcIPadded0": 1635258006.760525, "1_BidProviderChosen1": 1635257965.704263, "0_start": 1635257954.873044, "2_BidSrcIPadded1": 1635257968.799802, "3_deploymentStarted": 1635257975.765991, "9_service2Running": 1635258015.810465, "8_federation2": 1635258013.599911, "5_federationFailed": 1635257988.009545, "10_end": 1635258025.851233, "4_serviceRunning": 1635257977.964537}