{"6_BidProviderChosen1": 1635259870.865178, "1_BidProviderChosen0": 1635259836.783756, "0_start": 1635259824.811463, "2_BidSrcIPadded0": 1635259839.475937, "3_deploymentStarted": 1635259848.054098, "9_service2Running": 1635259887.158592, "8_federation2": 1635259884.954588, "5_federationFailed": 1635259860.292926, "7_BidSrcIPadded1": 1635259874.662006, "10_end": 1635259896.1938, "4_serviceRunning": 1635259850.24579}