{"0_start": 1634905126.8921146, "1_announcementReceived_1": 1634905135.1008909, "2_BidIPsent1": 1634905135.137804, "3_winnerDomainReceived1": 1634905145.0884783, "4_deployFedService": 1634905145.1188414, "5_fedServiceRunning": 1634905147.3647504, "6_end": 1634905157.4073234}