{"0_start": 1634900345.4612782, "1_announcementReceived_1": 1634900350.240182, "2_BidIPsent1": 1634900350.2799833, "3_winnerDomainReceived1": 1634900353.275813, "4_deployFedService": 1634900353.3058743, "5_fedServiceRunning": 1634900355.5533261, "6_end": 1634900365.599626}