{"0_start": 1634906516.5005164, "1_announcementReceived_1": 1634906524.3197782, "2_BidIPsent1": 1634906524.3602664, "3_winnerDomainReceived1": 1634906527.8566897, "4_deployFedService": 1634906527.8852234, "5_fedServiceRunning": 1634906530.114257, "6_end": 1634906540.1521134}