{"0_start": 1634906383.2500691, "1_announcementReceived_1": 1634906392.8312588, "2_BidIPsent1": 1634906392.8712833, "3_winnerDomainReceived1": 1634906396.1795743, "4_deployFedService": 1634906396.2087677, "5_fedServiceRunning": 1634906398.4427767, "6_end": 1634906408.490749}