{"0_start": 1634905829.9604926, "1_announcementReceived_0": 1634905836.3874922, "2_BidIPsent0": 1634905836.4310691, "3_winnerDomainReceived0": 1634905839.87227, "4_announcementReceived_1": 1634905859.4464283, "5_BidIPsent1": 1634905859.4846327, "6_winnerDomainReceived1": 1634905863.107317, "7_deployFedService": 1634905863.1340976, "8_fedServiceRunning": 1634905865.3726768, "9_end": 1634905875.4132707}