{"0_start": 1634903838.0351527, "1_BidProviderChosen0": 1634903842.579451, "2_BidSrcIPadded0": 1634903848.9505363, "3_deploymentStarted": 1634903848.950654, "4_serviceRunning": 1634903851.1943197, "5_federationFailed": 1634903860.2436786, "6_BidProviderChosen0": 1634903863.2159677, "7_BidSrcIPadded0": 1634903875.5390081, "8_federation2": 1634903875.5390549, "9_service2Running": 1634903877.7879174, "10_end": 1634903886.8390477}