{"0_start": 1634905193.3500407, "1_announcementReceived_0": 1634905203.0188813, "2_BidIPsent0": 1634905203.052639, "3_winnerDomainReceived0": 1634905210.4721787, "4_announcementReceived_0": 1634905230.5024407, "5_BidIPsent0": 1634905230.536218, "6_winnerDomainReceived0": 1634905240.5044792, "7_deployFedService": 1634905240.5311043, "8_fedServiceRunning": 1634905242.7631314, "9_end": 1634905252.8048062}