{"0_start": 1634905942.2816174, "1_BidProviderChosen1": 1634905945.1493714, "2_BidSrcIPadded1": 1634905950.2311995, "3_deploymentStarted": 1634905950.2312539, "4_serviceRunning": 1634905952.453616, "5_federationFailed": 1634905963.5051525, "6_BidProviderChosen1": 1634905964.5963218, "7_BidSrcIPadded1": 1634905976.7778049, "8_federation2": 1634905976.7778378, "9_service2Running": 1634905979.0144339, "10_end": 1634905988.064207}