{"0_start": 1634905810.472516, "1_announcementReceived_0": 1634905835.1306095, "2_BidIPsent0": 1634905835.1689513, "3_winnerDomainReceived0": 1634905841.305515, "4_deployFedService": 1634905841.337656, "5_fedServiceRunning": 1634905843.8715115, "6_end": 1634905853.9149458}