{"0_start": 1634906158.6416292, "1_announcementReceived_1": 1634906164.501282, "2_BidIPsent1": 1634906164.5477784, "3_winnerDomainReceived1": 1634906168.2774386, "4_announcementReceived_1": 1634906190.0527582, "5_BidIPsent1": 1634906190.0912004, "6_winnerDomainReceived1": 1634906192.376575, "7_deployFedService": 1634906192.4012465, "8_fedServiceRunning": 1634906194.6505358, "9_end": 1634906204.692014}