{"0_start": 1634899769.4619093, "1_BidProviderChosen0": 1634899772.8883662, "2_BidSrcIPadded0": 1634899780.2711735, "3_deploymentStarted": 1634899780.2712557, "4_serviceRunning": 1634899782.50223, "5_federationFailed": 1634899792.5558195, "6_BidProviderChosen0": 1634899798.34086, "7_BidSrcIPadded0": 1634899809.8901923, "8_federation2": 1634899809.8902802, "9_service2Running": 1634899812.1419744, "10_end": 1634899821.1890452}