{"0_start": 1634903764.170096, "1_announcementReceived_1": 1634903773.5348134, "2_BidIPsent1": 1634903773.5732055, "3_winnerDomainReceived1": 1634903775.2216794, "4_announcementReceived_0": 1634903798.5914383, "5_BidIPsent0": 1634903798.6278079, "6_winnerDomainReceived0": 1634903801.6759174, "7_deployFedService": 1634903801.6997564, "8_fedServiceRunning": 1634903803.9414382, "9_end": 1634903813.9795551}