{"0_start": 1634900006.7888258, "1_announcementReceived_0": 1634900015.9639397, "2_BidIPsent0": 1634900015.998431, "3_winnerDomainReceived0": 1634900025.947438, "4_announcementReceived_1": 1634900035.972097, "5_BidIPsent1": 1634900036.0096786, "6_winnerDomainReceived1": 1634900037.6072788, "7_deployFedService": 1634900037.6392174, "8_fedServiceRunning": 1634900039.9074626, "9_end": 1634900049.940246}