{"0_start": 1634903831.1797848, "1_announcementReceived_0": 1634903841.3929694, "2_BidIPsent0": 1634903841.4330654, "3_winnerDomainReceived0": 1634903844.602653, "4_deployFedService": 1634903844.6326442, "5_fedServiceRunning": 1634903847.1183727, "6_end": 1634903857.1637075}