{"0_start": 1634906162.2991602, "1_BidProviderChosen1": 1634906165.8280864, "2_BidSrcIPadded1": 1634906177.237048, "3_deploymentStarted": 1634906177.2371159, "4_serviceRunning": 1634906179.466313, "5_federationFailed": 1634906189.5245538, "6_BidProviderChosen1": 1634906191.2569969, "7_BidSrcIPadded1": 1634906195.8103886, "8_federation2": 1634906195.8104324, "9_service2Running": 1634906198.0568495, "10_end": 1634906208.1044416}