{"0_start": 1634899877.3938797, "1_announcementReceived_1": 1634899882.2598388, "2_BidIPsent1": 1634899882.3011086, "3_winnerDomainReceived1": 1634899886.5116098, "4_deployFedService": 1634899886.5399342, "5_fedServiceRunning": 1634899888.7736962, "6_end": 1634899898.82102}