{"0_start": 1634905481.1411018, "1_announcementReceived_0": 1634905490.0970573, "2_BidIPsent0": 1634905490.1319544, "3_winnerDomainReceived0": 1634905500.0862331, "4_deployFedService": 1634905500.1191995, "5_fedServiceRunning": 1634905502.3643835, "6_end": 1634905512.4061224}