{"0_start": 1634905551.2697911, "1_BidProviderChosen0": 1634905558.030626, "2_BidSrcIPadded0": 1634905564.5504951, "3_deploymentStarted": 1634905564.5505335, "4_serviceRunning": 1634905566.782147, "5_federationFailed": 1634905575.8273172, "6_BidProviderChosen1": 1634905579.2474215, "7_BidSrcIPadded1": 1634905587.933657, "8_federation2": 1634905587.9337234, "9_service2Running": 1634905590.1836782, "10_end": 1634905597.2191923}