{"0_start": 1634899651.077846, "1_announcementReceived_0": 1634899657.7168288, "2_BidIPsent0": 1634899657.7562215, "3_winnerDomainReceived0": 1634899662.2267573, "4_deployFedService": 1634899662.25743, "5_fedServiceRunning": 1634899664.50826, "6_end": 1634899674.5515523}