{"0_start": 1634904713.1230445, "1_BidProviderChosen1": 1634904718.2470052, "2_BidSrcIPadded1": 1634904723.2379076, "3_deploymentStarted": 1634904723.237942, "4_serviceRunning": 1634904725.4616308, "5_federationFailed": 1634904734.5145264, "6_BidProviderChosen0": 1634904738.7244532, "7_BidSrcIPadded0": 1634904749.7633297, "8_federation2": 1634904749.763364, "9_service2Running": 1634904752.018633, "10_end": 1634904761.0621004}