{"0_start": 1634904707.7095494, "1_announcementReceived_1": 1634904715.119078, "2_BidIPsent1": 1634904715.1584988, "3_winnerDomainReceived1": 1634904719.0345864, "4_deployFedService": 1634904719.0626857, "5_fedServiceRunning": 1634904721.2736974, "6_end": 1634904731.3115323}