{"0_start": 1634899648.1244678, "1_announcementReceived_1": 1634899685.6255703, "2_BidIPsent1": 1634899685.6610973, "3_winnerDomainReceived1": 1634899695.6137662, "4_deployFedService": 1634899695.643917, "5_fedServiceRunning": 1634899697.8676224, "6_end": 1634899707.909542}