{"0_start": 1634899655.8255384, "1_BidProviderChosen0": 1634899658.3146281, "2_BidSrcIPadded0": 1634899665.3473213, "3_deploymentStarted": 1634899665.3473444, "4_serviceRunning": 1634899667.5898042, "5_federationFailed": 1634899677.642031, "6_BidProviderChosen1": 1634899686.999123, "7_BidSrcIPadded1": 1634899698.684087, "8_federation2": 1634899698.6841912, "9_service2Running": 1634899700.92421, "10_end": 1634899710.9759102}