{"0_start": 1634900343.1604512, "1_announcementReceived_0": 1634900376.3369014, "2_BidIPsent0": 1634900376.3742766, "3_winnerDomainReceived0": 1634900378.49866, "4_deployFedService": 1634900378.5279276, "5_fedServiceRunning": 1634900380.7644503, "6_end": 1634900390.8058734}