{"0_start": 1634905544.2315166, "1_announcementReceived_0": 1634905553.4419322, "2_BidIPsent0": 1634905553.4758167, "3_winnerDomainReceived0": 1634905560.1560447, "4_deployFedService": 1634905560.1866686, "5_fedServiceRunning": 1634905562.4526606, "6_end": 1634905572.4901989}