{"0_start": 1634900007.8992841, "1_announcementReceived_0": 1634900015.848199, "2_BidIPsent0": 1634900015.8891437, "3_winnerDomainReceived0": 1634900018.7741466, "4_deployFedService": 1634900018.8031542, "5_fedServiceRunning": 1634900021.0481744, "6_end": 1634900031.0958743}