{"0_start": 1634903761.5838785, "1_announcementReceived_1": 1634903772.2656085, "2_BidIPsent1": 1634903772.3004441, "3_winnerDomainReceived1": 1634903781.5024462, "4_deployFedService": 1634903781.5360405, "5_fedServiceRunning": 1634903783.777637, "6_end": 1634903793.8187795}