{"0_start": 1634904705.9414248, "1_announcementReceived_1": 1634904715.108775, "2_BidIPsent1": 1634904715.1430893, "3_winnerDomainReceived1": 1634904725.0903137, "4_announcementReceived_0": 1634904735.1108081, "5_BidIPsent0": 1634904735.1443605, "6_winnerDomainReceived0": 1634904745.107371, "7_deployFedService": 1634904745.1387484, "8_fedServiceRunning": 1634904747.3995774, "9_end": 1634904757.4428837}