{"0_start": 1634900080.2705803, "1_announcementReceived_0": 1634900116.0707204, "2_BidIPsent0": 1634900116.1065176, "3_winnerDomainReceived0": 1634900126.072155, "4_deployFedService": 1634900126.1027784, "5_fedServiceRunning": 1634900128.581503, "6_end": 1634900138.6152089}