{"0_start": 1634900402.727207, "1_announcementReceived_0": 1634900436.3967316, "2_BidIPsent0": 1634900436.433429, "3_winnerDomainReceived0": 1634900438.4990683, "4_deployFedService": 1634900438.5304952, "5_fedServiceRunning": 1634900440.7765539, "6_end": 1634900450.8148568}