{"0_start": 1634906522.37342, "1_BidProviderChosen1": 1634906525.444406, "2_BidSrcIPadded1": 1634906530.922725, "3_deploymentStarted": 1634906530.9227734, "4_serviceRunning": 1634906533.1703157, "5_federationFailed": 1634906543.2200422, "6_BidProviderChosen1": 1634906545.7700613, "7_BidSrcIPadded1": 1634906554.267103, "8_federation2": 1634906554.26715, "9_service2Running": 1634906556.5286314, "10_end": 1634906565.570566}