{"0_start": 1634900408.2018316, "1_BidProviderChosen0": 1634900412.0125308, "2_BidSrcIPadded0": 1634900416.0372796, "3_deploymentStarted": 1634900416.037334, "4_serviceRunning": 1634900418.2509482, "5_federationFailed": 1634900428.3060107, "6_BidProviderChosen0": 1634900437.0217705, "7_BidSrcIPadded0": 1634900442.2755044, "8_federation2": 1634900442.2755659, "9_service2Running": 1634900444.7722087, "10_end": 1634900453.8151748}