{"0_start": 1634903827.9704437, "1_announcementReceived_0": 1634903841.5925484, "2_BidIPsent0": 1634903841.6259346, "3_winnerDomainReceived0": 1634903843.273434, "4_announcementReceived_0": 1634903861.5962837, "5_BidIPsent0": 1634903861.6276126, "6_winnerDomainReceived0": 1634903871.5929503, "7_deployFedService": 1634903871.6197934, "8_fedServiceRunning": 1634903873.8555272, "9_end": 1634903883.8903933}