{"0_start": 1634900404.4539473, "1_announcementReceived_0": 1634900410.2682834, "2_BidIPsent0": 1634900410.308494, "3_winnerDomainReceived0": 1634900413.1289732, "4_deployFedService": 1634900413.15813, "5_fedServiceRunning": 1634900415.4081523, "6_end": 1634900425.4520245}