{"0_start": 1634899875.0967968, "1_announcementReceived_0": 1634899905.8583996, "2_BidIPsent0": 1634899905.8929899, "3_winnerDomainReceived0": 1634899907.60445, "4_deployFedService": 1634899907.6338139, "5_fedServiceRunning": 1634899909.856797, "6_end": 1634899919.8955798}