{"0_start": 1634905546.103894, "1_announcementReceived_0": 1634905557.277398, "2_BidIPsent0": 1634905557.3170855, "3_winnerDomainReceived0": 1634905559.267266, "4_announcementReceived_1": 1634905577.2580569, "5_BidIPsent1": 1634905577.2986255, "6_winnerDomainReceived1": 1634905581.3997452, "7_deployFedService": 1634905581.4253497, "8_fedServiceRunning": 1634905583.6840727, "9_end": 1634905593.726306}