{"0_start": 1634906699.5557961, "1_announcementReceived_0": 1634906740.049899, "2_BidIPsent0": 1634906740.0836732, "3_winnerDomainReceived0": 1634906750.0443864, "4_deployFedService": 1634906750.078418, "5_fedServiceRunning": 1634906752.2998927, "6_end": 1634906762.3401823}