{"0_start": 1634899763.5655782, "1_announcementReceived_0": 1634899795.7381155, "2_BidIPsent0": 1634899795.7723317, "3_winnerDomainReceived0": 1634899805.7311878, "4_deployFedService": 1634899805.7624135, "5_fedServiceRunning": 1634899808.0332603, "6_end": 1634899818.0784125}