{"0_start": 1634905935.938039, "1_announcementReceived_1": 1634905944.6664658, "2_BidIPsent1": 1634905944.7029552, "3_winnerDomainReceived1": 1634905952.7852921, "4_announcementReceived_1": 1634905964.2064784, "5_BidIPsent1": 1634905964.2417455, "6_winnerDomainReceived1": 1634905972.8042037, "7_deployFedService": 1634905972.8350804, "8_fedServiceRunning": 1634905975.0661995, "9_end": 1634905985.1064026}