{"0_start": 1634899766.0820208, "1_announcementReceived_0": 1634899771.4573271, "2_BidIPsent0": 1634899771.4989731, "3_winnerDomainReceived0": 1634899777.2267528, "4_deployFedService": 1634899777.256576, "5_fedServiceRunning": 1634899779.489251, "6_end": 1634899789.5271552}