{"0_start": 1634900082.1984522, "1_announcementReceived_1": 1634900090.0351033, "2_BidIPsent1": 1634900090.0743506, "3_winnerDomainReceived1": 1634900096.03676, "4_deployFedService": 1634900096.064727, "5_fedServiceRunning": 1634900098.3077264, "6_end": 1634900108.3493295}