{"0_start": 1634905199.7905917, "1_BidProviderChosen0": 1634905204.6562753, "2_BidSrcIPadded0": 1634905214.0500462, "3_deploymentStarted": 1634905214.0501304, "4_serviceRunning": 1634905216.2714255, "5_federationFailed": 1634905226.33486, "6_BidProviderChosen0": 1634905233.4694371, "7_BidSrcIPadded0": 1634905247.6650815, "8_federation2": 1634905247.6651876, "9_service2Running": 1634905249.9017987, "10_end": 1634905255.932956}