{"0_start": 1634905129.598104, "1_announcementReceived_1": 1634905137.7247748, "2_BidIPsent1": 1634905137.765429, "3_winnerDomainReceived1": 1634905139.985157, "4_announcementReceived_0": 1634905162.2560465, "5_BidIPsent0": 1634905162.2925627, "6_winnerDomainReceived0": 1634905166.2131238, "7_deployFedService": 1634905166.237549, "8_fedServiceRunning": 1634905168.4550753, "9_end": 1634905178.5015988}