{"0_start": 1634900348.9661665, "1_BidProviderChosen1": 1634900352.0101676, "2_BidSrcIPadded1": 1634900356.410052, "3_deploymentStarted": 1634900356.4101307, "4_serviceRunning": 1634900358.875844, "5_federationFailed": 1634900368.9293816, "6_BidProviderChosen0": 1634900377.0220559, "7_BidSrcIPadded0": 1634900382.3987553, "8_federation2": 1634900382.3988395, "9_service2Running": 1634900384.912142, "10_end": 1634900393.9637108}