{"0_start": 1634906390.7763715, "1_BidProviderChosen1": 1634906394.9443626, "2_BidSrcIPadded1": 1634906399.1864917, "3_deploymentStarted": 1634906399.1865137, "4_serviceRunning": 1634906401.402488, "5_federationFailed": 1634906411.4618351, "6_BidProviderChosen1": 1634906414.9972992, "7_BidSrcIPadded1": 1634906419.3772976, "8_federation2": 1634906419.3773475, "9_service2Running": 1634906421.6242838, "10_end": 1634906431.67266}