{"0_start": 1634905133.0841749, "1_BidProviderChosen1": 1634905137.6952176, "2_BidSrcIPadded1": 1634905149.5009015, "3_deploymentStarted": 1634905149.500958, "4_serviceRunning": 1634905151.758275, "5_federationFailed": 1634905160.8006582, "6_BidProviderChosen0": 1634905164.8818185, "7_BidSrcIPadded0": 1634905172.7688248, "8_federation2": 1634905172.7688794, "9_service2Running": 1634905175.0205703, "10_end": 1634905182.0567691}