{"0_start": 1634905833.6839178, "1_BidProviderChosen0": 1634905837.5237198, "2_BidSrcIPadded0": 1634905845.2230024, "3_deploymentStarted": 1634905845.2231178, "4_serviceRunning": 1634905847.4541793, "5_federationFailed": 1634905857.506112, "6_BidProviderChosen1": 1634905861.2602937, "7_BidSrcIPadded1": 1634905868.9282238, "8_federation2": 1634905868.928277, "9_service2Running": 1634905871.1726224, "10_end": 1634905878.2105055}