{"0_start": 1634905484.4834754, "1_announcementReceived_0": 1634905492.27322, "2_BidIPsent0": 1634905492.3122363, "3_winnerDomainReceived0": 1634905494.8057451, "4_announcementReceived_0": 1634905517.3443666, "5_BidIPsent0": 1634905517.3821948, "6_winnerDomainReceived0": 1634905521.037189, "7_deployFedService": 1634905521.0626397, "8_fedServiceRunning": 1634905523.3080494, "9_end": 1634905533.3520393}