{"0_start": 1634906702.5120401, "1_announcementReceived_0": 1634906713.7775116, "2_BidIPsent0": 1634906713.8128958, "3_winnerDomainReceived0": 1634906717.2324073, "4_deployFedService": 1634906717.2624261, "5_fedServiceRunning": 1634906719.4960015, "6_end": 1634906729.5404556}