{"0_start": 1634906514.7149847, "1_announcementReceived_1": 1634906524.8286145, "2_BidIPsent1": 1634906524.8604622, "3_winnerDomainReceived1": 1634906529.8460848, "4_announcementReceived_1": 1634906543.4646556, "5_BidIPsent1": 1634906543.4990926, "6_winnerDomainReceived1": 1634906549.8607357, "7_deployFedService": 1634906549.8872826, "8_fedServiceRunning": 1634906552.3737366, "9_end": 1634906562.415318}