{"0_start": 1634903770.6671145, "1_BidProviderChosen1": 1634903773.4992685, "2_BidSrcIPadded1": 1634903785.5307364, "3_deploymentStarted": 1634903785.530849, "4_serviceRunning": 1634903787.7704039, "5_federationFailed": 1634903796.8179483, "6_BidProviderChosen0": 1634903799.183647, "7_BidSrcIPadded0": 1634903805.7856932, "8_federation2": 1634903805.7857494, "9_service2Running": 1634903808.281409, "10_end": 1634903817.3319705}