{"0_start": 1634905487.8774798, "1_BidProviderChosen0": 1634905492.8494022, "2_BidSrcIPadded0": 1634905504.801009, "3_deploymentStarted": 1634905504.8010867, "4_serviceRunning": 1634905507.0413105, "5_federationFailed": 1634905516.0908575, "6_BidProviderChosen0": 1634905519.1868377, "7_BidSrcIPadded0": 1634905525.2620387, "8_federation2": 1634905525.262114, "9_service2Running": 1634905527.526085, "10_end": 1634905536.573593}