{"0_start": 1634906156.569059, "1_announcementReceived_1": 1634906164.1382911, "2_BidIPsent1": 1634906164.1752577, "3_winnerDomainReceived1": 1634906174.1206436, "4_deployFedService": 1634906174.1541657, "5_fedServiceRunning": 1634906176.3955567, "6_end": 1634906186.4353545}