{"0_start": 1634900086.7009733, "1_BidProviderChosen1": 1634900092.3942847, "2_BidSrcIPadded1": 1634900099.884064, "3_deploymentStarted": 1634900099.8841534, "4_serviceRunning": 1634900102.1337485, "5_federationFailed": 1634900112.1928728, "6_BidProviderChosen0": 1634900117.3698633, "7_BidSrcIPadded0": 1634900130.3429449, "8_federation2": 1634900130.3430388, "9_service2Running": 1634900132.6061757, "10_end": 1634900141.66138}