{"0_start": 1634906381.1839907, "1_announcementReceived_1": 1634906394.356443, "2_BidIPsent1": 1634906394.3913841, "3_winnerDomainReceived1": 1634906395.3844328, "4_announcementReceived_1": 1634906414.3521574, "5_BidIPsent1": 1634906414.3845212, "6_winnerDomainReceived1": 1634906416.025126, "7_deployFedService": 1634906416.0539463, "8_fedServiceRunning": 1634906418.3007119, "9_end": 1634906428.3402321}