{"0_start": 1634905194.6330318, "1_announcementReceived_0": 1634905203.0140786, "2_BidIPsent0": 1634905203.0532336, "3_winnerDomainReceived0": 1634905210.4862897, "4_deployFedService": 1634905210.5173357, "5_fedServiceRunning": 1634905213.0071037, "6_end": 1634905223.0520282}