{"0_start": 1634899880.3576074, "1_BidProviderChosen1": 1634899884.3844721, "2_BidSrcIPadded1": 1634899890.1146219, "3_deploymentStarted": 1634899890.1146715, "4_serviceRunning": 1634899892.3321197, "5_federationFailed": 1634899902.3919463, "6_BidProviderChosen0": 1634899906.9962263, "7_BidSrcIPadded0": 1634899911.8883607, "8_federation2": 1634899911.8884048, "9_service2Running": 1634899914.1274595, "10_end": 1634899923.1746821}