{"0_start": 1634905938.4673693, "1_announcementReceived_1": 1634905944.0684032, "2_BidIPsent1": 1634905944.1108234, "3_winnerDomainReceived1": 1634905947.9604533, "4_deployFedService": 1634905947.990331, "5_fedServiceRunning": 1634905950.2182288, "6_end": 1634905960.2653792}