{"0_start": 1634906711.486832, "1_BidProviderChosen0": 1634906716.5348382, "2_BidSrcIPadded0": 1634906719.8644166, "3_deploymentStarted": 1634906719.8644443, "4_serviceRunning": 1634906722.3533103, "5_federationFailed": 1634906732.4055965, "6_BidProviderChosen0": 1634906742.5341818, "7_BidSrcIPadded0": 1634906754.3662953, "8_federation2": 1634906754.3664038, "9_service2Running": 1634906756.6072395, "10_end": 1634906765.6554427}