{"0_start": 1634900013.6591306, "1_BidProviderChosen0": 1634900017.0131192, "2_BidSrcIPadded0": 1634900022.6158812, "3_deploymentStarted": 1634900022.6159077, "4_serviceRunning": 1634900024.842062, "5_federationFailed": 1634900033.8941045, "6_BidProviderChosen1": 1634900036.9958363, "7_BidSrcIPadded1": 1634900041.1981726, "8_federation2": 1634900041.1982236, "9_service2Running": 1634900043.454107, "10_end": 1634900053.5040815}