{"0_start": 1634897120.8777144, "1_BidProviderChosen1": 1634897124.031102, "2_BidSrcIPadded1": 1634897129.6141055, "3_deploymentStarted": 1634897129.61417, "4_serviceRunning": 1634897131.8386586, "5_federationFailed": 1634897141.8893297, "6_BidProviderChosen1": 1634897148.2456434, "7_BidSrcIPadded1": 1634897159.0705504, "8_federation2": 1634897159.0706148, "9_service2Running": 1634897161.3170373, "10_end": 1634897170.3604248}