{"0_start": 1634897422.2088394, "1_announcementReceived_1": 1634897427.795338, "2_BidIPsent1": 1634897427.833627, "3_winnerDomainReceived1": 1634897430.234945, "4_deployFedService": 1634897430.2640266, "5_fedServiceRunning": 1634897432.4780276, "6_end": 1634897442.5198407}