{"0_start": 1634897668.7252934, "1_BidProviderChosen1": 1634897671.277771, "2_BidSrcIPadded1": 1634897684.9078217, "3_deploymentStarted": 1634897684.9079037, "4_serviceRunning": 1634897687.154374, "5_federationFailed": 1634897696.2093334, "6_BidProviderChosen0": 1634897701.0388923, "7_BidSrcIPadded0": 1634897707.8282375, "8_federation2": 1634897707.828326, "9_service2Running": 1634897710.107007, "10_end": 1634897719.1585083}