{"0_start": 1634897600.4038825, "1_BidProviderChosen1": 1634897603.2347448, "2_BidSrcIPadded1": 1634897615.4918065, "3_deploymentStarted": 1634897615.49187, "4_serviceRunning": 1634897618.018243, "5_federationFailed": 1634897626.0593557, "6_BidProviderChosen0": 1634897629.005483, "7_BidSrcIPadded0": 1634897635.7117343, "8_federation2": 1634897635.7117927, "9_service2Running": 1634897637.9485464, "10_end": 1634897647.9979408}