{"0_start": 1634897192.0882306, "1_BidProviderChosen0": 1634897196.4811623, "2_BidSrcIPadded0": 1634897202.9272766, "3_deploymentStarted": 1634897202.9273598, "4_serviceRunning": 1634897205.1825802, "5_federationFailed": 1634897214.232712, "6_BidProviderChosen0": 1634897216.008242, "7_BidSrcIPadded0": 1634897220.4630783, "8_federation2": 1634897220.4631426, "9_service2Running": 1634897222.7262077, "10_end": 1634897231.7712839}