{"0_start": 1634897245.2878335, "1_announcementReceived_0": 1634897255.0510163, "2_BidIPsent0": 1634897255.0860102, "3_winnerDomainReceived0": 1634897257.0122666, "4_announcementReceived_1": 1634897275.0568404, "5_BidIPsent1": 1634897275.090545, "6_winnerDomainReceived1": 1634897277.5024285, "7_deployFedService": 1634897277.5287647, "8_fedServiceRunning": 1634897279.7488313, "9_end": 1634897289.7873826}