{"0_start": 1634898351.7961347, "1_BidProviderChosen0": 1634898355.9765446, "2_BidSrcIPadded0": 1634898361.514748, "3_deploymentStarted": 1634898361.514772, "4_serviceRunning": 1634898363.7540777, "5_federationFailed": 1634898372.801082, "6_BidProviderChosen0": 1634898382.0219617, "7_BidSrcIPadded0": 1634898387.6554897, "8_federation2": 1634898387.655578, "9_service2Running": 1634898389.9332502, "10_end": 1634898398.9847405}