{"0_start": 1634898899.6054664, "1_BidProviderChosen0": 1634898904.922415, "2_BidSrcIPadded0": 1634898910.3016622, "3_deploymentStarted": 1634898910.301761, "4_serviceRunning": 1634898912.566223, "5_federationFailed": 1634898922.6192455, "6_BidProviderChosen0": 1634898928.543599, "7_BidSrcIPadded0": 1634898942.3026621, "8_federation2": 1634898942.3027668, "9_service2Running": 1634898944.5564444, "10_end": 1634898953.605839}