{"0_start": 1634897310.8978355, "1_BidProviderChosen1": 1634897315.6689339, "2_BidSrcIPadded1": 1634897321.7759051, "3_deploymentStarted": 1634897321.7759612, "4_serviceRunning": 1634897323.9970968, "5_federationFailed": 1634897333.0526838, "6_BidProviderChosen1": 1634897336.0194955, "7_BidSrcIPadded1": 1634897341.8893046, "8_federation2": 1634897341.8893325, "9_service2Running": 1634897344.1545794, "10_end": 1634897353.205941}