{"0_start": 1634898891.3535001, "1_announcementReceived_0": 1634898902.5053637, "2_BidIPsent0": 1634898902.539985, "3_winnerDomainReceived0": 1634898907.2265596, "4_deployFedService": 1634898907.2570868, "5_fedServiceRunning": 1634898909.504081, "6_end": 1634898919.5520067}