{"0_start": 1634897976.6597574, "1_announcementReceived_1": 1634897983.633037, "2_BidIPsent1": 1634897983.6703944, "3_winnerDomainReceived1": 1634897986.559474, "4_announcementReceived_1": 1634898007.0218759, "5_BidIPsent1": 1634898007.058108, "6_winnerDomainReceived1": 1634898012.3117373, "7_deployFedService": 1634898012.3363996, "8_fedServiceRunning": 1634898014.572553, "9_end": 1634898024.6143563}