{"0_start": 1634897305.2027142, "1_announcementReceived_1": 1634897315.1191757, "2_BidIPsent1": 1634897315.154391, "3_winnerDomainReceived1": 1634897317.4105244, "4_announcementReceived_1": 1634897335.1257772, "5_BidIPsent1": 1634897335.1591115, "6_winnerDomainReceived1": 1634897337.5046175, "7_deployFedService": 1634897337.531349, "8_fedServiceRunning": 1634897339.8033733, "9_end": 1634897349.8432868}