{"0_start": 1634897525.056821, "1_announcementReceived_0": 1634897555.3499968, "2_BidIPsent0": 1634897555.385319, "3_winnerDomainReceived0": 1634897565.3413193, "4_deployFedService": 1634897565.374573, "5_fedServiceRunning": 1634897567.6126742, "6_end": 1634897577.651641}