{"0_start": 1634898482.156234, "1_announcementReceived_1": 1634898490.712985, "2_BidIPsent1": 1634898490.7470565, "3_winnerDomainReceived1": 1634898493.6057928, "4_deployFedService": 1634898493.6350996, "5_fedServiceRunning": 1634898495.881329, "6_end": 1634898505.9153125}