{"0_start": 1634897593.1640422, "1_announcementReceived_1": 1634897602.0283294, "2_BidIPsent1": 1634897602.059983, "3_winnerDomainReceived1": 1634897610.5625796, "4_deployFedService": 1634897610.5970538, "5_fedServiceRunning": 1634897613.0979156, "6_end": 1634897623.1369421}