{"0_start": 1634898413.359941, "1_BidProviderChosen0": 1634898418.1778438, "2_BidSrcIPadded0": 1634898422.6537619, "3_deploymentStarted": 1634898422.653804, "4_serviceRunning": 1634898424.8830025, "5_federationFailed": 1634898434.941301, "6_BidProviderChosen0": 1634898442.5826893, "7_BidSrcIPadded0": 1634898454.248159, "8_federation2": 1634898454.248266, "9_service2Running": 1634898456.4985821, "10_end": 1634898465.5422778}