{"0_start": 1634898484.348298, "1_announcementReceived_1": 1634898491.4776924, "2_BidIPsent1": 1634898491.515885, "3_winnerDomainReceived1": 1634898493.6091707, "4_announcementReceived_1": 1634898509.6054752, "5_BidIPsent1": 1634898509.6448498, "6_winnerDomainReceived1": 1634898513.6101327, "7_deployFedService": 1634898513.635899, "8_fedServiceRunning": 1634898515.8882077, "9_end": 1634898525.9266343}