{"0_start": 1634897738.5115438, "1_BidProviderChosen1": 1634897742.003436, "2_BidSrcIPadded1": 1634897748.2761624, "3_deploymentStarted": 1634897748.2762527, "4_serviceRunning": 1634897750.5239632, "5_federationFailed": 1634897759.5769932, "6_BidProviderChosen1": 1634897763.4884639, "7_BidSrcIPadded1": 1634897774.9713242, "8_federation2": 1634897774.9714298, "9_service2Running": 1634897777.2213886, "10_end": 1634897786.2676232}