{"0_start": 1634898344.8692586, "1_announcementReceived_0": 1634898380.0946603, "2_BidIPsent0": 1634898380.1292567, "3_winnerDomainReceived0": 1634898383.5006797, "4_deployFedService": 1634898383.5316064, "5_fedServiceRunning": 1634898385.760726, "6_end": 1634898395.7904718}