{"0_start": 1634897117.8335848, "1_announcementReceived_1": 1634897122.510752, "2_BidIPsent1": 1634897122.5491035, "3_winnerDomainReceived1": 1634897126.013604, "4_deployFedService": 1634897126.045843, "5_fedServiceRunning": 1634897128.284226, "6_end": 1634897138.324627}