{"0_start": 1634898409.1762562, "1_announcementReceived_0": 1634898415.8437378, "2_BidIPsent0": 1634898415.8806016, "3_winnerDomainReceived0": 1634898419.010456, "4_deployFedService": 1634898419.0385313, "5_fedServiceRunning": 1634898421.266559, "6_end": 1634898431.3015373}