{"0_start": 1634898133.2196498, "1_BidProviderChosen0": 1634898137.0193338, "2_BidSrcIPadded0": 1634898141.7939723, "3_deploymentStarted": 1634898141.794038, "4_serviceRunning": 1634898144.023695, "5_federationFailed": 1634898154.0765214, "6_BidProviderChosen0": 1634898158.8096094, "7_BidSrcIPadded0": 1634898165.5937786, "8_federation2": 1634898165.5938027, "9_service2Running": 1634898167.8417668, "10_end": 1634898176.8900254}