{"0_start": 1634898346.0917537, "1_announcementReceived_0": 1634898353.8248656, "2_BidIPsent0": 1634898353.864301, "3_winnerDomainReceived0": 1634898357.2234938, "4_deployFedService": 1634898357.2524166, "5_fedServiceRunning": 1634898359.4913588, "6_end": 1634898369.527004}