{"0_start": 1634897426.277069, "1_BidProviderChosen1": 1634897428.4464548, "2_BidSrcIPadded1": 1634897434.364417, "3_deploymentStarted": 1634897434.3645227, "4_serviceRunning": 1634897436.6084702, "5_federationFailed": 1634897445.6523614, "6_BidProviderChosen1": 1634897456.8907979, "7_BidSrcIPadded1": 1634897460.3865926, "8_federation2": 1634897460.3866227, "9_service2Running": 1634897462.6348112, "10_end": 1634897472.6858687}