{"0_start": 1634897730.9921086, "1_announcementReceived_1": 1634897740.4684832, "2_BidIPsent1": 1634897740.5069401, "3_winnerDomainReceived1": 1634897743.9593337, "4_deployFedService": 1634897743.9889736, "5_fedServiceRunning": 1634897746.237254, "6_end": 1634897756.277025}