{"0_start": 1634898128.1487262, "1_announcementReceived_0": 1634898156.0345645, "2_BidIPsent0": 1634898156.0717554, "3_winnerDomainReceived0": 1634898161.3077016, "4_deployFedService": 1634898161.3402357, "5_fedServiceRunning": 1634898163.592318, "6_end": 1634898173.6349165}