{"0_start": 1634898407.5446599, "1_announcementReceived_0": 1634898440.158885, "2_BidIPsent0": 1634898440.1963716, "3_winnerDomainReceived0": 1634898450.1565385, "4_deployFedService": 1634898450.187876, "5_fedServiceRunning": 1634898452.4263563, "6_end": 1634898462.4643862}