{"0_start": 1634897728.8367066, "1_announcementReceived_1": 1634897740.722134, "2_BidIPsent1": 1634897740.7582705, "3_winnerDomainReceived1": 1634897750.7016995, "4_announcementReceived_1": 1634897760.722176, "5_BidIPsent1": 1634897760.7569025, "6_winnerDomainReceived1": 1634897770.7210896, "7_deployFedService": 1634897770.7550178, "8_fedServiceRunning": 1634897772.9874914, "9_end": 1634897783.026112}