{"0_start": 1634898886.692474, "1_announcementReceived_0": 1634898927.3007548, "2_BidIPsent0": 1634898927.3366141, "3_winnerDomainReceived0": 1634898937.294185, "4_deployFedService": 1634898937.3251913, "5_fedServiceRunning": 1634898939.8277001, "6_end": 1634898949.86519}