{"0_start": 1634897306.4318106, "1_announcementReceived_1": 1634897313.6282125, "2_BidIPsent1": 1634897313.6628485, "3_winnerDomainReceived1": 1634897317.407355, "4_deployFedService": 1634897317.4365075, "5_fedServiceRunning": 1634897319.66098, "6_end": 1634897329.7015374}