{"0_start": 1634897188.1661053, "1_announcementReceived_0": 1634897194.5809917, "2_BidIPsent0": 1634897194.620219, "3_winnerDomainReceived0": 1634897198.6176226, "4_deployFedService": 1634897198.647975, "5_fedServiceRunning": 1634897200.8636456, "6_end": 1634897210.9020169}