{"0_start": 1634897246.9665725, "1_announcementReceived_0": 1634897254.7030036, "2_BidIPsent0": 1634897254.7440937, "3_winnerDomainReceived0": 1634897258.605303, "4_deployFedService": 1634897258.6348257, "5_fedServiceRunning": 1634897260.8412004, "6_end": 1634897270.8772476}