{"0_start": 1634898223.7748508, "1_BidProviderChosen0": 1634898227.0205953, "2_BidSrcIPadded0": 1634898231.4230816, "3_deploymentStarted": 1634898231.4231439, "4_serviceRunning": 1634898233.6728206, "5_federationFailed": 1634898244.7223635, "6_BidProviderChosen0": 1634898247.3137558, "7_BidSrcIPadded0": 1634898255.6891134, "8_federation2": 1634898255.6891599, "9_service2Running": 1634898257.9492278, "10_end": 1634898266.9909475}