{"0_start": 1634897252.022346, "1_BidProviderChosen0": 1634897256.3722906, "2_BidSrcIPadded0": 1634897262.4904833, "3_deploymentStarted": 1634897262.490551, "4_serviceRunning": 1634897264.7463284, "5_federationFailed": 1634897273.7953367, "6_BidProviderChosen1": 1634897276.0230622, "7_BidSrcIPadded1": 1634897281.6966774, "8_federation2": 1634897281.6967332, "9_service2Running": 1634897283.94616, "10_end": 1634897292.9910595}