{"0_start": 1634897663.336667, "1_announcementReceived_1": 1634897670.6486194, "2_BidIPsent1": 1634897670.6879935, "3_winnerDomainReceived1": 1634897680.6358078, "4_deployFedService": 1634897680.668412, "5_fedServiceRunning": 1634897682.9180038, "6_end": 1634897692.9600277}