{"0_start": 1634897372.1583211, "1_BidProviderChosen1": 1634897376.1853857, "2_BidSrcIPadded1": 1634897382.88872, "3_deploymentStarted": 1634897382.8887649, "4_serviceRunning": 1634897385.1116438, "5_federationFailed": 1634897394.160119, "6_BidProviderChosen0": 1634897396.254805, "7_BidSrcIPadded0": 1634897401.7880652, "8_federation2": 1634897401.7881527, "9_service2Running": 1634897404.0567908, "10_end": 1634897413.105463}