{"0_start": 1634897366.6259992, "1_announcementReceived_1": 1634897375.1873162, "2_BidIPsent1": 1634897375.2217515, "3_winnerDomainReceived1": 1634897377.2978127, "4_announcementReceived_0": 1634897395.1874974, "5_BidIPsent0": 1634897395.2186356, "6_winnerDomainReceived0": 1634897397.0952232, "7_deployFedService": 1634897397.1199505, "8_fedServiceRunning": 1634897399.3421426, "9_end": 1634897409.3861072}