{"0_start": 1634898219.4355352, "1_announcementReceived_0": 1634898225.0992007, "2_BidIPsent0": 1634898225.1386063, "3_winnerDomainReceived0": 1634898228.6119537, "4_deployFedService": 1634898228.642863, "5_fedServiceRunning": 1634898231.138815, "6_end": 1634898241.1770353}