{"0_start": 1634897975.4090636, "1_announcementReceived_1": 1634897982.2532947, "2_BidIPsent1": 1634897982.286672, "3_winnerDomainReceived1": 1634897990.0295112, "4_deployFedService": 1634897990.0592058, "5_fedServiceRunning": 1634897992.2995965, "6_end": 1634898002.3402395}