{"0_start": 1634897059.5490553, "1_BidProviderChosen0": 1634897063.022007, "2_BidSrcIPadded0": 1634897067.199507, "3_deploymentStarted": 1634897067.199562, "4_serviceRunning": 1634897069.4202318, "5_federationFailed": 1634897080.485761, "6_BidProviderChosen0": 1634897085.5390663, "7_BidSrcIPadded0": 1634897089.839352, "8_federation2": 1634897089.8393817, "9_service2Running": 1634897092.0816422, "10_end": 1634897102.1349282}