{"0_start": 1634897055.38146, "1_announcementReceived_0": 1634897062.0304625, "2_BidIPsent0": 1634897062.071014, "3_winnerDomainReceived0": 1634897064.492449, "4_deployFedService": 1634897064.522977, "5_fedServiceRunning": 1634897066.75255, "6_end": 1634897076.7989166}