{"0_start": 1634897368.0571806, "1_announcementReceived_1": 1634897374.9944386, "2_BidIPsent1": 1634897375.0329595, "3_winnerDomainReceived1": 1634897378.6071289, "4_deployFedService": 1634897378.638557, "5_fedServiceRunning": 1634897380.8671436, "6_end": 1634897390.902002}