{"0_start": 1634897051.6817033, "1_announcementReceived_0": 1634897084.9808133, "2_BidIPsent0": 1634897085.0153332, "3_winnerDomainReceived0": 1634897086.087666, "4_deployFedService": 1634897086.117374, "5_fedServiceRunning": 1634897088.3424082, "6_end": 1634897098.3824039}