{"0_start": 1634897526.651862, "1_announcementReceived_1": 1634897532.7151659, "2_BidIPsent1": 1634897532.7650926, "3_winnerDomainReceived1": 1634897536.0083365, "4_deployFedService": 1634897536.0448515, "5_fedServiceRunning": 1634897538.2801988, "6_end": 1634897548.3225114}