{"0_start": 1634897980.3701334, "1_BidProviderChosen1": 1634897984.8132765, "2_BidSrcIPadded1": 1634897993.5136201, "3_deploymentStarted": 1634897993.5137177, "4_serviceRunning": 1634897995.7428691, "5_federationFailed": 1634898005.797779, "6_BidProviderChosen1": 1634898008.0064702, "7_BidSrcIPadded1": 1634898015.4304852, "8_federation2": 1634898015.4305613, "9_service2Running": 1634898017.682269, "10_end": 1634898027.7332423}