{"0_start": 1634897595.49379, "1_announcementReceived_1": 1634897603.2307923, "2_BidIPsent1": 1634897603.269812, "3_winnerDomainReceived1": 1634897605.4045432, "4_announcementReceived_0": 1634897627.2938435, "5_BidIPsent0": 1634897627.333869, "6_winnerDomainReceived0": 1634897632.2263453, "7_deployFedService": 1634897632.2517233, "8_fedServiceRunning": 1634897634.4825907, "9_end": 1634897644.5233498}