{"0_start": 1634898489.040171, "1_BidProviderChosen1": 1634898491.471203, "2_BidSrcIPadded1": 1634898497.8585896, "3_deploymentStarted": 1634898497.8586621, "4_serviceRunning": 1634898500.085313, "5_federationFailed": 1634898509.1341193, "6_BidProviderChosen1": 1634898511.8698301, "7_BidSrcIPadded1": 1634898517.9068, "8_federation2": 1634898517.9068403, "9_service2Running": 1634898520.1647515, "10_end": 1634898529.2050252}