{"0_start": 1634898130.1967015, "1_announcementReceived_0": 1634898135.0473294, "2_BidIPsent0": 1634898135.084495, "3_winnerDomainReceived0": 1634898138.0240753, "4_deployFedService": 1634898138.0519302, "5_fedServiceRunning": 1634898140.280475, "6_end": 1634898150.3269932}