{"0_start": 1634897116.2404788, "1_announcementReceived_1": 1634897145.7872891, "2_BidIPsent1": 1634897145.8208106, "3_winnerDomainReceived1": 1634897155.0349782, "4_deployFedService": 1634897155.0661318, "5_fedServiceRunning": 1634897157.3155692, "6_end": 1634897167.3624845}