{"0_start": 1634897530.4869397, "1_BidProviderChosen1": 1634897534.503597, "2_BidSrcIPadded1": 1634897540.7579973, "3_deploymentStarted": 1634897540.7581975, "4_serviceRunning": 1634897542.9914498, "5_federationFailed": 1634897552.038892, "6_BidProviderChosen0": 1634897556.0224357, "7_BidSrcIPadded0": 1634897568.5643568, "8_federation2": 1634897568.5644262, "9_service2Running": 1634897570.805057, "10_end": 1634897580.8531437}