{"0_start": 1634897186.4544995, "1_announcementReceived_0": 1634897195.0944767, "2_BidIPsent0": 1634897195.1264656, "3_winnerDomainReceived0": 1634897197.6248555, "4_announcementReceived_0": 1634897215.1009312, "5_BidIPsent0": 1634897215.135943, "6_winnerDomainReceived0": 1634897216.6048584, "7_deployFedService": 1634897216.6290267, "8_fedServiceRunning": 1634897218.8614023, "9_end": 1634897228.9043195}