{"0_start": 1634897420.9023547, "1_announcementReceived_1": 1634897427.8020926, "2_BidIPsent1": 1634897427.8373873, "3_winnerDomainReceived1": 1634897435.2139394, "4_announcementReceived_1": 1634897455.2366579, "5_BidIPsent1": 1634897455.2694669, "6_winnerDomainReceived1": 1634897457.115297, "7_deployFedService": 1634897457.1453292, "8_fedServiceRunning": 1634897459.3793252, "9_end": 1634897469.4150743}