{"0_start": 1634898217.7929237, "1_announcementReceived_0": 1634898245.521315, "2_BidIPsent0": 1634898245.556469, "3_winnerDomainReceived0": 1634898251.391864, "4_deployFedService": 1634898251.4225175, "5_fedServiceRunning": 1634898253.6682024, "6_end": 1634898263.7118433}