{"1_announcementReceived0": 1635241066.661006, "3_winnerDomainReceived1": 1635241072.291582, "4_deployFedService": 1635241074.310625, "6_end": 1635241088.259545, "0_start": 1635241060.881103, "5_fedServiceRunning": 1635241076.484911, "2_BidIPsent1": 1635241068.149674}