{"6_BidProviderChosen0": 1635241693.544292, "7_BidSrcIPadded0": 1635241697.564612, "1_BidProviderChosen1": 1635241666.00935, "0_start": 1635241659.18705, "2_BidSrcIPadded1": 1635241669.96008, "3_deploymentStarted": 1635241673.652337, "9_service2Running": 1635241703.491052, "8_federation2": 1635241701.260677, "5_federationFailed": 1635241687.165882, "10_end": 1635241714.529923, "4_serviceRunning": 1635241676.109539}