{"1_announcementReceived0": 1635241457.091639, "4_BidIPsent0": 1635241485.307522, "3_announcementReceived1": 1635241483.1258, "0_start": 1635241450.212343, "8_end": 1635241504.914691, "6_deployFedService2": 1635241491.08241, "5_winnerDomainReceived0": 1635241489.063205, "7_fedService2Running": 1635241493.2619, "2_winnerDomainReceived1": 1635241462.495361}