{"1_announcementReceived0": 1635241457.000918, "3_winnerDomainReceived1": 1635241462.483655, "4_deployFedService": 1635241464.503015, "6_end": 1635241478.073111, "0_start": 1635241451.669084, "5_fedServiceRunning": 1635241466.68307, "2_BidIPsent1": 1635241458.921214}