{"6_BidProviderChosen0": 1635252916.426825, "7_BidSrcIPadded0": 1635252920.182629, "1_BidProviderChosen1": 1635252889.197673, "0_start": 1635252882.189102, "2_BidSrcIPadded1": 1635252892.686679, "3_deploymentStarted": 1635252896.384676, "9_service2Running": 1635252926.192573, "8_federation2": 1635252923.978578, "5_federationFailed": 1635252909.616405, "10_end": 1635252937.24485, "4_serviceRunning": 1635252898.575617}