{"1_announcementReceived0": 1635240270.422199, "3_winnerDomainReceived1": 1635240275.720346, "4_deployFedService": 1635240277.739302, "6_end": 1635240291.135256, "0_start": 1635240261.110444, "5_fedServiceRunning": 1635240279.934398, "2_BidIPsent1": 1635240271.985809}