{"1_announcementReceived0": 1635240389.78145, "3_winnerDomainReceived1": 1635240395.118065, "4_deployFedService": 1635240397.137353, "6_end": 1635240411.035275, "0_start": 1635240381.910766, "5_fedServiceRunning": 1635240399.325692, "2_BidIPsent1": 1635240391.187471}