{"1_announcementReceived0": 1635252395.964033, "4_BidIPsent0": 1635252426.536814, "3_announcementReceived1": 1635252424.485458, "0_start": 1635252374.02119, "8_end": 1635252445.916799, "6_deployFedService2": 1635252432.182533, "5_winnerDomainReceived0": 1635252430.162911, "7_fedService2Running": 1635252434.373961, "2_winnerDomainReceived1": 1635252401.837102}