{"6_BidProviderChosen0": 1635241097.905687, "7_BidSrcIPadded0": 1635241101.507484, "1_BidProviderChosen1": 1635241070.328922, "0_start": 1635241063.322033, "2_BidSrcIPadded1": 1635241074.359338, "3_deploymentStarted": 1635241078.150286, "9_service2Running": 1635241107.300418, "8_federation2": 1635241105.097758, "5_federationFailed": 1635241091.400549, "10_end": 1635241118.347947, "4_serviceRunning": 1635241080.352261}