{"1_announcementReceived0": 1635252885.23567, "4_BidIPsent0": 1635252914.567682, "3_announcementReceived1": 1635252912.133411, "0_start": 1635252878.818715, "8_end": 1635252934.035779, "6_deployFedService2": 1635252919.937744, "5_winnerDomainReceived0": 1635252918.421597, "7_fedService2Running": 1635252922.120486, "2_winnerDomainReceived1": 1635252890.990681}