{"1_announcementReceived0": 1635252706.508394, "4_BidIPsent0": 1635252736.212461, "3_announcementReceived1": 1635252734.562153, "0_start": 1635252699.247022, "8_end": 1635252755.723239, "6_deployFedService2": 1635252742.386485, "5_winnerDomainReceived0": 1635252740.367592, "7_fedService2Running": 1635252744.580756, "2_winnerDomainReceived1": 1635252712.417466}