{"1_announcementReceived0": 1635241661.655711, "3_winnerDomainReceived1": 1635241667.995809, "4_deployFedService": 1635241670.014819, "6_end": 1635241683.689359, "0_start": 1635241654.33001, "5_fedServiceRunning": 1635241672.201623, "2_BidIPsent1": 1635241663.605928}