{"1_announcementReceived0": 1635240389.357105, "4_BidIPsent0": 1635240418.838801, "3_announcementReceived1": 1635240417.0565, "0_start": 1635240384.004303, "8_end": 1635240438.581673, "6_deployFedService2": 1635240424.77752, "5_winnerDomainReceived0": 1635240422.757402, "7_fedService2Running": 1635240426.969528, "2_winnerDomainReceived1": 1635240394.917841}