{"1_announcementReceived0": 1635237674.510596, "3_winnerDomainReceived1": 1635237680.490169, "4_deployFedService": 1635237682.511305, "6_end": 1635237696.080558, "0_start": 1635237668.12101, "5_fedServiceRunning": 1635237684.708522, "2_BidIPsent1": 1635237676.31371}