{"1_announcementReceived0": 1635240155.521276, "3_winnerDomainReceived1": 1635240161.315527, "4_deployFedService": 1635240163.336022, "6_end": 1635240176.896578, "0_start": 1635240148.119379, "5_fedServiceRunning": 1635240165.783277, "2_BidIPsent1": 1635240157.522146}