{"1_announcementReceived0": 1635252292.859129, "3_winnerDomainReceived1": 1635252298.584576, "4_deployFedService": 1635252300.604528, "6_end": 1635252314.27481, "0_start": 1635252283.952075, "5_fedServiceRunning": 1635252302.810277, "2_BidIPsent1": 1635252294.526782}