{"6_BidProviderChosen0": 1635237705.255446, "7_BidSrcIPadded0": 1635237708.835113, "1_BidProviderChosen1": 1635237678.56153, "0_start": 1635237670.498648, "2_BidSrcIPadded1": 1635237682.019466, "3_deploymentStarted": 1635237685.817988, "9_service2Running": 1635237714.922138, "8_federation2": 1635237712.7293, "5_federationFailed": 1635237699.053615, "10_end": 1635237725.971337, "4_serviceRunning": 1635237688.001793}