{"6_BidProviderChosen0": 1635241879.910109, "7_BidSrcIPadded0": 1635241883.665959, "1_BidProviderChosen1": 1635241853.391659, "0_start": 1635241845.846873, "2_BidSrcIPadded1": 1635241856.849997, "3_deploymentStarted": 1635241860.339936, "9_service2Running": 1635241889.678064, "8_federation2": 1635241887.460319, "5_federationFailed": 1635241873.581904, "10_end": 1635241900.729909, "4_serviceRunning": 1635241862.526959}