{"6_BidProviderChosen0": 1635252738.612296, "7_BidSrcIPadded0": 1635252742.145552, "1_BidProviderChosen1": 1635252710.463027, "0_start": 1635252703.111494, "2_BidSrcIPadded1": 1635252714.736833, "3_deploymentStarted": 1635252718.739294, "9_service2Running": 1635252748.139751, "8_federation2": 1635252745.939139, "5_federationFailed": 1635252731.968953, "10_end": 1635252759.188056, "4_serviceRunning": 1635252720.924397}