{"6_BidProviderChosen0": 1635241169.066661, "7_BidSrcIPadded0": 1635241172.679899, "1_BidProviderChosen1": 1635241142.452445, "0_start": 1635241134.131964, "2_BidSrcIPadded1": 1635241145.743706, "3_deploymentStarted": 1635241149.947254, "9_service2Running": 1635241178.56534, "8_federation2": 1635241176.367358, "5_federationFailed": 1635241163.185258, "10_end": 1635241189.617945, "4_serviceRunning": 1635241152.137412}