{"6_BidProviderChosen0": 1635241587.319585, "7_BidSrcIPadded0": 1635241590.799513, "1_BidProviderChosen1": 1635241557.973524, "0_start": 1635241550.806805, "2_BidSrcIPadded1": 1635241561.799639, "3_deploymentStarted": 1635241567.441095, "9_service2Running": 1635241597.015107, "8_federation2": 1635241594.803586, "5_federationFailed": 1635241580.692993, "10_end": 1635241608.068964, "4_serviceRunning": 1635241569.645666}