{"1_announcementReceived0": 1635240990.385351, "4_BidIPsent0": 1635241019.061791, "3_announcementReceived1": 1635241017.487146, "0_start": 1635240984.560767, "8_end": 1635241038.652831, "6_deployFedService2": 1635241025.063098, "5_winnerDomainReceived0": 1635241023.044716, "7_fedService2Running": 1635241027.25665, "2_winnerDomainReceived1": 1635240996.345164}