{"1_announcementReceived0": 1635252524.121462, "3_winnerDomainReceived1": 1635252529.933111, "4_deployFedService": 1635252531.953533, "6_end": 1635252545.840737, "0_start": 1635252520.291184, "5_fedServiceRunning": 1635252534.136384, "2_BidIPsent1": 1635252525.816825}