{"1_announcementReceived0": 1635241255.429742, "3_winnerDomainReceived1": 1635241260.984282, "4_deployFedService": 1635241263.002832, "6_end": 1635241276.856092, "0_start": 1635241248.00274, "5_fedServiceRunning": 1635241265.203638, "2_BidIPsent1": 1635241256.984916}