{"6_BidProviderChosen0": 1635240186.853476, "7_BidSrcIPadded0": 1635240190.311988, "1_BidProviderChosen1": 1635240159.227845, "0_start": 1635240152.15699, "2_BidSrcIPadded1": 1635240163.307988, "3_deploymentStarted": 1635240166.796304, "9_service2Running": 1635240196.002695, "8_federation2": 1635240193.79806, "5_federationFailed": 1635240180.044854, "10_end": 1635240207.053038, "4_serviceRunning": 1635240168.992686}