{"1_announcementReceived0": 1635241554.146451, "4_BidIPsent0": 1635241585.058844, "3_announcementReceived1": 1635241583.325506, "0_start": 1635241547.819302, "8_end": 1635241604.898244, "6_deployFedService2": 1635241591.317625, "5_winnerDomainReceived0": 1635241589.299497, "7_fedService2Running": 1635241593.503349, "2_winnerDomainReceived1": 1635241560.176004}