{"1_announcementReceived0": 1635241138.009744, "4_BidIPsent0": 1635241166.934995, "3_announcementReceived1": 1635241165.264751, "0_start": 1635241132.1619, "8_end": 1635241186.335743, "6_deployFedService2": 1635241172.816771, "5_winnerDomainReceived0": 1635241170.798425, "7_fedService2Running": 1635241174.996178, "2_winnerDomainReceived1": 1635241144.132443}