{"6_BidProviderChosen0": 1635241286.595396, "7_BidSrcIPadded0": 1635241290.223156, "1_BidProviderChosen1": 1635241259.168419, "0_start": 1635241252.746791, "2_BidSrcIPadded1": 1635241262.904624, "3_deploymentStarted": 1635241266.898279, "9_service2Running": 1635241296.635224, "8_federation2": 1635241294.428715, "5_federationFailed": 1635241280.15186, "10_end": 1635241307.684324, "4_serviceRunning": 1635241269.102599}