{"1_announcementReceived0": 1635241138.249525, "3_winnerDomainReceived1": 1635241144.121206, "4_deployFedService": 1635241146.141316, "6_end": 1635241159.939282, "0_start": 1635241130.466417, "5_fedServiceRunning": 1635241148.322888, "2_BidIPsent1": 1635241140.016143}