{"6_BidProviderChosen0": 1635252811.494025, "7_BidSrcIPadded0": 1635252815.514019, "1_BidProviderChosen1": 1635252784.05445, "0_start": 1635252776.819699, "2_BidSrcIPadded1": 1635252788.106273, "3_deploymentStarted": 1635252792.004885, "9_service2Running": 1635252821.752133, "8_federation2": 1635252819.305785, "5_federationFailed": 1635252805.480873, "10_end": 1635252832.802368, "4_serviceRunning": 1635252794.431352}