{"1_announcementReceived0": 1635240155.281696, "4_BidIPsent0": 1635240184.681175, "3_announcementReceived1": 1635240182.60295, "0_start": 1635240144.371939, "8_end": 1635240204.107008, "6_deployFedService2": 1635240190.138946, "5_winnerDomainReceived0": 1635240188.622822, "7_fedService2Running": 1635240192.349028, "2_winnerDomainReceived1": 1635240161.455305}