{"1_announcementReceived0": 1635241849.170258, "4_BidIPsent0": 1635241877.766889, "3_announcementReceived1": 1635241875.764905, "0_start": 1635241842.884491, "8_end": 1635241897.319598, "6_deployFedService2": 1635241883.932103, "5_winnerDomainReceived0": 1635241881.913924, "7_fedService2Running": 1635241886.109522, "2_winnerDomainReceived1": 1635241855.13328}