{"6_BidProviderChosen0": 1635252555.214, "7_BidSrcIPadded0": 1635252559.271156, "1_BidProviderChosen1": 1635252527.995688, "0_start": 1635252521.153645, "2_BidSrcIPadded1": 1635252531.880443, "3_deploymentStarted": 1635252535.682277, "9_service2Running": 1635252565.272736, "8_federation2": 1635252563.070903, "5_federationFailed": 1635252548.926972, "10_end": 1635252576.324206, "4_serviceRunning": 1635252537.875991}