{"1_announcementReceived0": 1635252396.16363, "3_winnerDomainReceived1": 1635252401.957747, "4_deployFedService": 1635252403.978284, "6_end": 1635252417.214336, "0_start": 1635252372.143047, "5_fedServiceRunning": 1635252406.17161, "2_BidIPsent1": 1635252398.063744}