{"1_announcementReceived0": 1635241066.266893, "4_BidIPsent0": 1635241095.732719, "3_announcementReceived1": 1635241094.147659, "0_start": 1635241058.926585, "8_end": 1635241115.156502, "6_deployFedService2": 1635241101.738867, "5_winnerDomainReceived0": 1635241099.720592, "7_fedService2Running": 1635241103.923524, "2_winnerDomainReceived1": 1635241072.002764}