{"6_BidProviderChosen0": 1635240300.776686, "7_BidSrcIPadded0": 1635240304.572735, "1_BidProviderChosen1": 1635240274.211958, "0_start": 1635240266.653153, "2_BidSrcIPadded1": 1635240277.468792, "3_deploymentStarted": 1635240281.166444, "9_service2Running": 1635240310.582671, "8_federation2": 1635240308.366492, "5_federationFailed": 1635240294.413117, "10_end": 1635240321.634667, "4_serviceRunning": 1635240283.368667}