{"1_announcementReceived0": 1635241849.44946, "3_winnerDomainReceived1": 1635241855.050568, "4_deployFedService": 1635241857.070077, "6_end": 1635241870.389518, "0_start": 1635241840.056212, "5_fedServiceRunning": 1635241859.261505, "2_BidIPsent1": 1635241850.987142}