{"6_BidProviderChosen0": 1635252323.981812, "7_BidSrcIPadded0": 1635252328.03653, "1_BidProviderChosen1": 1635252296.794486, "0_start": 1635252289.923081, "2_BidSrcIPadded1": 1635252300.425199, "3_deploymentStarted": 1635252303.915542, "9_service2Running": 1635252334.129293, "8_federation2": 1635252331.932921, "5_federationFailed": 1635252317.164255, "10_end": 1635252345.182526, "4_serviceRunning": 1635252306.114296}