{"1_announcementReceived0": 1635241255.143313, "4_BidIPsent0": 1635241284.670949, "3_announcementReceived1": 1635241282.362658, "0_start": 1635241250.294976, "8_end": 1635241304.183826, "6_deployFedService2": 1635241290.483053, "5_winnerDomainReceived0": 1635241288.464504, "7_fedService2Running": 1635241292.668723, "2_winnerDomainReceived1": 1635241261.225784}