{"6_BidProviderChosen0": 1635252428.697755, "7_BidSrcIPadded0": 1635252432.164717, "1_BidProviderChosen1": 1635252400.205608, "0_start": 1635252392.680617, "2_BidSrcIPadded1": 1635252403.624783, "3_deploymentStarted": 1635252407.318537, "9_service2Running": 1635252438.082353, "8_federation2": 1635252435.858928, "5_federationFailed": 1635252421.594839, "10_end": 1635252449.128354, "4_serviceRunning": 1635252409.544987}