{"6_BidProviderChosen0": 1635240930.370304, "7_BidSrcIPadded0": 1635240933.984073, "1_BidProviderChosen1": 1635240902.541459, "0_start": 1635240895.398469, "2_BidSrcIPadded1": 1635240906.38973, "3_deploymentStarted": 1635240910.392027, "9_service2Running": 1635240939.986462, "8_federation2": 1635240937.782433, "5_federationFailed": 1635240923.628288, "10_end": 1635240951.036942, "4_serviceRunning": 1635240912.582752}