{"1_announcementReceived0": 1635240898.788443, "3_winnerDomainReceived1": 1635240904.533312, "4_deployFedService": 1635240906.555209, "6_end": 1635240920.363636, "0_start": 1635240890.434681, "5_fedServiceRunning": 1635240908.740665, "2_BidIPsent1": 1635240900.742863}