{"1_announcementReceived0": 1635252631.390033, "4_BidIPsent0": 1635252660.606754, "3_announcementReceived1": 1635252658.599901, "0_start": 1635252623.533718, "8_end": 1635252680.133269, "6_deployFedService2": 1635252666.513796, "5_winnerDomainReceived0": 1635252664.494296, "7_fedService2Running": 1635252668.703068, "2_winnerDomainReceived1": 1635252636.96236}