{"1_announcementReceived0": 1635252780.754525, "4_BidIPsent0": 1635252809.732043, "3_announcementReceived1": 1635252807.967258, "0_start": 1635252774.4782, "8_end": 1635252829.618361, "6_deployFedService2": 1635252815.599759, "5_winnerDomainReceived0": 1635252813.57891, "7_fedService2Running": 1635252817.802142, "2_winnerDomainReceived1": 1635252786.318503}