{"1_announcementReceived0": 1635241661.65431, "4_BidIPsent0": 1635241691.449464, "3_announcementReceived1": 1635241689.546298, "0_start": 1635241652.7381, "8_end": 1635241711.429216, "6_deployFedService2": 1635241697.473943, "5_winnerDomainReceived0": 1635241695.956626, "7_fedService2Running": 1635241699.662294, "2_winnerDomainReceived1": 1635241668.408745}