{"1_announcementReceived0": 1635240990.414454, "3_winnerDomainReceived1": 1635240996.095368, "4_deployFedService": 1635240998.114174, "6_end": 1635241011.785244, "0_start": 1635240979.598014, "5_fedServiceRunning": 1635241000.314437, "2_BidIPsent1": 1635240991.991517}