{"1_announcementReceived0": 1635252885.350834, "3_winnerDomainReceived1": 1635252890.745101, "4_deployFedService": 1635252892.76498, "6_end": 1635252906.333087, "0_start": 1635252880.026412, "5_fedServiceRunning": 1635252894.952733, "2_BidIPsent1": 1635252886.882516}