{"6_BidProviderChosen0": 1635240421.102365, "7_BidSrcIPadded0": 1635240424.821736, "1_BidProviderChosen1": 1635240392.970043, "0_start": 1635240386.322411, "2_BidSrcIPadded1": 1635240397.093679, "3_deploymentStarted": 1635240400.787811, "9_service2Running": 1635240430.618092, "8_federation2": 1635240428.413761, "5_federationFailed": 1635240414.01806, "10_end": 1635240441.662032, "4_serviceRunning": 1635240402.967981}