{"1_announcementReceived0": 1635240898.728488, "4_BidIPsent0": 1635240928.005633, "3_announcementReceived1": 1635240925.869611, "0_start": 1635240888.842199, "8_end": 1635240947.789165, "6_deployFedService2": 1635240934.097956, "5_winnerDomainReceived0": 1635240932.079371, "7_fedService2Running": 1635240936.295741, "2_winnerDomainReceived1": 1635240904.231463}