{"1_announcementReceived0": 1635252292.703631, "4_BidIPsent0": 1635252322.148152, "3_announcementReceived1": 1635252320.336574, "0_start": 1635252286.865849, "8_end": 1635252342.215052, "6_deployFedService2": 1635252328.085473, "5_winnerDomainReceived0": 1635252326.067501, "7_fedService2Running": 1635252330.258435, "2_winnerDomainReceived1": 1635252298.693585}