{"1_announcementReceived0": 1635252524.039436, "4_BidIPsent0": 1635252553.044433, "3_announcementReceived1": 1635252551.662219, "0_start": 1635252519.158179, "8_end": 1635252573.10016, "6_deployFedService2": 1635252559.366232, "5_winnerDomainReceived0": 1635252557.348368, "7_fedService2Running": 1635252561.556829, "2_winnerDomainReceived1": 1635252530.018346}