{"6_BidProviderChosen0": 1635241487.287775, "7_BidSrcIPadded0": 1635241490.895887, "1_BidProviderChosen1": 1635241460.53444, "0_start": 1635241453.990729, "2_BidSrcIPadded1": 1635241463.978363, "3_deploymentStarted": 1635241467.978105, "9_service2Running": 1635241497.313158, "8_federation2": 1635241495.103134, "5_federationFailed": 1635241481.225457, "10_end": 1635241508.365781, "4_serviceRunning": 1635241470.169817}