{"1_announcementReceived0": 1635237742.270804, "3_winnerDomainReceived1": 1635237747.705105, "4_deployFedService": 1635237749.7235, "6_end": 1635237763.439332, "0_start": 1635237736.483243, "5_fedServiceRunning": 1635237751.909292, "2_BidIPsent1": 1635237744.00753}