{"1_announcementReceived0": 1635241554.256772, "3_winnerDomainReceived1": 1635241560.166336, "4_deployFedService": 1635241562.186404, "6_end": 1635241577.664673, "0_start": 1635241545.390519, "5_fedServiceRunning": 1635241564.393643, "2_BidIPsent1": 1635241556.210422}