{"1_announcementReceived0": 1635240270.099541, "4_BidIPsent0": 1635240298.68688, "3_announcementReceived1": 1635240296.557409, "0_start": 1635240263.721781, "8_end": 1635240318.61758, "6_deployFedService2": 1635240304.704864, "5_winnerDomainReceived0": 1635240302.686098, "7_fedService2Running": 1635240306.8914, "2_winnerDomainReceived1": 1635240275.918325}