{"6_BidProviderChosen0": 1635252662.563501, "7_BidSrcIPadded0": 1635252666.099342, "1_BidProviderChosen1": 1635252634.856431, "0_start": 1635252628.091361, "2_BidSrcIPadded1": 1635252638.691185, "3_deploymentStarted": 1635252642.688954, "9_service2Running": 1635252672.789458, "8_federation2": 1635252670.100111, "5_federationFailed": 1635252655.921211, "10_end": 1635252683.840475, "4_serviceRunning": 1635252644.87894}