{"1_announcementReceived0": 1635252706.644957, "3_winnerDomainReceived1": 1635252712.819673, "4_deployFedService": 1635252714.838519, "6_end": 1635252728.930698, "0_start": 1635252697.837017, "5_fedServiceRunning": 1635252717.01652, "2_BidIPsent1": 1635252708.380724}