{"1_announcementReceived0": 1635252780.99213, "3_winnerDomainReceived1": 1635252786.176998, "4_deployFedService": 1635252788.195486, "6_end": 1635252802.058769, "0_start": 1635252773.140439, "5_fedServiceRunning": 1635252790.391134, "2_BidIPsent1": 1635252782.202856}