{"6_BidProviderChosen0": 1635241021.24286, "7_BidSrcIPadded0": 1635241024.840227, "1_BidProviderChosen1": 1635240993.74283, "0_start": 1635240986.956177, "2_BidSrcIPadded1": 1635240997.958348, "3_deploymentStarted": 1635241001.65014, "9_service2Running": 1635241030.730911, "8_federation2": 1635241028.535145, "5_federationFailed": 1635241014.873078, "10_end": 1635241041.774102, "4_serviceRunning": 1635241003.830571}