{"1_announcementReceived0": 1635252631.301382, "3_winnerDomainReceived1": 1635252637.145442, "4_deployFedService": 1635252638.66194, "6_end": 1635252652.589798, "0_start": 1635252624.951754, "5_fedServiceRunning": 1635252640.860026, "2_BidIPsent1": 1635252632.854173}