{"0_start": 1634812355.2210135, "1_BidProviderChosen0": 1634812380.7305498, "2_BidSrcIPadded0": 1634812401.2633955, "3_deploymentStarted": 1634812401.2635055, "4_serviceRunning": 1634812403.52384, "5_federationFailed": 1634812410.5612764, "6_BidProviderChosen0": 1634812426.88634, "7_BidSrcIPadded0": 1634812445.631813, "8_federation2": 1634812445.631915, "9_service2Running": 1634812447.8844786, "10_end": 1634812449.8874059}