{"0_start": 1634811305.3234751, "1_BidProviderChosen0": 1634811315.4922867, "2_BidSrcIPadded0": 1634811326.1227543, "3_deploymentStarted": 1634811326.1228461, "4_serviceRunning": 1634811328.3589196, "5_federationFailed": 1634811337.4089196, "6_BidProviderChosen1": 1634811343.7313225, "7_BidSrcIPadded1": 1634811354.205782, "8_federation2": 1634811354.2058423, "9_service2Running": 1634811356.4635684, "10_end": 1634811366.5233843}