{"0_start": 1634812998.6042395, "1_announcementReceived_1": 1634813011.7671173, "2_BidIPsent1": 1634813011.9033544, "3_winnerDomainReceived1": 1634813021.835384, "4_deployFedService": 1634813021.9038298, "5_fedServiceRunning": 1634813024.1437016, "6_end": 1634813034.2564838}