{"0_start": 1634809116.2029371, "1_BidProviderChosen1": 1634809123.8597798, "2_BidSrcIPadded1": 1634809140.8740568, "3_deploymentStarted": 1634809140.8741913, "4_serviceRunning": 1634809143.1465497, "5_federationFailed": 1634809147.1707854, "6_BidProviderChosen1": 1634809164.0951264, "7_BidSrcIPadded1": 1634809171.2135377, "8_federation2": 1634809171.2136, "9_service2Running": 1634809173.4783838, "10_end": 1634809183.5396726}