{"0_start": 1634811081.4135048, "1_announcementReceived_0": 1634811091.396781, "2_BidIPsent0": 1634811091.434379, "3_winnerDomainReceived0": 1634811106.1755395, "4_deployFedService": 1634811106.226392, "5_fedServiceRunning": 1634811108.72934, "6_end": 1634811118.8442242}