{"0_start": 1634810372.0377748, "1_announcementReceived_1": 1634810383.502503, "2_BidIPsent1": 1634810383.6687055, "3_winnerDomainReceived1": 1634810408.778055, "4_deployFedService": 1634810408.8497097, "5_fedServiceRunning": 1634810411.0787, "6_end": 1634810421.1915054}