{"0_start": 1634811962.1914434, "1_announcementReceived_0": 1634811970.4192338, "2_BidIPsent0": 1634811970.5459714, "3_winnerDomainReceived0": 1634811986.3359268, "4_announcementReceived_1": 1634812005.6821685, "5_BidIPsent1": 1634812005.8496046, "6_winnerDomainReceived1": 1634812020.7814953, "7_deployFedService": 1634812020.8232076, "8_fedServiceRunning": 1634812023.3078697, "9_end": 1634812033.4199295}