{"0_start": 1634811300.2094343, "1_announcementReceived_0": 1634811310.4379191, "2_BidIPsent0": 1634811310.5325987, "3_winnerDomainReceived0": 1634811321.2635617, "4_deployFedService": 1634811321.3352704, "5_fedServiceRunning": 1634811323.5904796, "6_end": 1634811333.7020051}