{"0_start": 1634668134.855577, "1_announcementReceived_1": 1634668154.7105868, "2_BidIPsent1": 1634668154.8297882, "3_winnerDomainReceived1": 1634668169.4493525, "4_announcementReceived_1": 1634668193.1054072, "5_BidIPsent1": 1634668193.2526078, "6_winnerDomainReceived1": 1634668208.2822554, "7_deployFedService": 1634668208.3509145, "8_fedServiceRunning": 1634668210.6436427, "9_end": 1634668220.758895}