{"0_start": 1634811967.0820405, "1_BidProviderChosen0": 1634811979.7549667, "2_BidSrcIPadded0": 1634811994.5606344, "3_deploymentStarted": 1634811994.560677, "4_serviceRunning": 1634811996.7929547, "5_federationFailed": 1634812001.8176374, "6_BidProviderChosen1": 1634812015.0741007, "7_BidSrcIPadded1": 1634812024.7123084, "8_federation2": 1634812024.7123535, "9_service2Running": 1634812026.95494, "10_end": 1634812037.012523}