{"0_start": 1634668259.9296756, "1_announcementReceived_0": 1634668277.5173867, "2_BidIPsent0": 1634668277.6363804, "3_winnerDomainReceived0": 1634668292.2475965, "4_announcementReceived_0": 1634668314.6487284, "5_BidIPsent0": 1634668314.7209918, "6_winnerDomainReceived0": 1634668324.2876418, "7_deployFedService": 1634668324.3226988, "8_fedServiceRunning": 1634668326.5933034, "9_end": 1634668336.6861608}