{"0_start": 1634812337.1121583, "1_announcementReceived_0": 1634812376.5045469, "2_BidIPsent0": 1634812376.6955197, "3_winnerDomainReceived0": 1634812394.2728074, "4_announcementReceived_0": 1634812423.1398847, "5_BidIPsent0": 1634812423.3065817, "6_winnerDomainReceived0": 1634812431.5399954, "7_deployFedService": 1634812431.5999994, "8_fedServiceRunning": 1634812433.8313751, "9_end": 1634812443.937286}