{"0_start": 1634668274.9888313, "1_BidProviderChosen0": 1634668282.2616177, "2_BidSrcIPadded0": 1634668308.0612283, "3_deploymentStarted": 1634668308.0613327, "4_serviceRunning": 1634668310.3112507, "5_federationFailed": 1634668312.3178015, "6_BidProviderChosen0": 1634668318.0088003, "7_BidSrcIPadded0": 1634668331.9465613, "8_federation2": 1634668331.9466755, "9_service2Running": 1634668334.2029192, "10_end": 1634668340.2367232}