{"0_start": 1634809461.2622535, "1_announcementReceived_1": 1634809503.12675, "2_BidIPsent1": 1634809503.2323923, "3_winnerDomainReceived1": 1634809519.1520388, "4_deployFedService": 1634809519.2344408, "5_fedServiceRunning": 1634809521.4923656, "6_end": 1634809531.5769289}