{"0_start": 1634811824.46515, "1_BidProviderChosen1": 1634811837.8337712, "2_BidSrcIPadded1": 1634811858.2079203, "3_deploymentStarted": 1634811858.2080517, "4_serviceRunning": 1634811860.4834995, "5_federationFailed": 1634811862.4864051, "6_BidProviderChosen0": 1634811882.376687, "7_BidSrcIPadded0": 1634811895.4830616, "8_federation2": 1634811895.4831283, "9_service2Running": 1634811897.750644, "10_end": 1634811907.8091078}