{"0_start": 1634813162.4940262, "1_announcementReceived_1": 1634813175.4901118, "2_BidIPsent1": 1634813175.5846183, "3_winnerDomainReceived1": 1634813189.758976, "4_announcementReceived_1": 1634813209.0169513, "5_BidIPsent1": 1634813209.1966813, "6_winnerDomainReceived1": 1634813217.718043, "7_deployFedService": 1634813217.7859294, "8_fedServiceRunning": 1634813220.0120218, "9_end": 1634813230.1149495}