{"0_start": 1634811296.752408, "1_announcementReceived_0": 1634811310.5444164, "2_BidIPsent0": 1634811310.711477, "3_winnerDomainReceived0": 1634811321.2181642, "4_announcementReceived_1": 1634811340.0749474, "5_BidIPsent1": 1634811340.1790276, "6_winnerDomainReceived1": 1634811350.2813003, "7_deployFedService": 1634811350.3162956, "8_fedServiceRunning": 1634811352.803008, "9_end": 1634811362.8817632}