{"0_start": 1634668259.975616, "1_announcementReceived_0": 1634668277.5073004, "2_BidIPsent0": 1634668277.6023812, "3_winnerDomainReceived0": 1634668292.2724097, "4_deployFedService": 1634668292.3404956, "5_fedServiceRunning": 1634668294.6111462, "6_end": 1634668304.690192}