{"0_start": 1634811085.5766475, "1_BidProviderChosen0": 1634811101.3843553, "2_BidSrcIPadded0": 1634811127.5316744, "3_deploymentStarted": 1634811127.5318077, "4_serviceRunning": 1634811129.797696, "5_federationFailed": 1634811131.801916, "6_BidProviderChosen1": 1634811140.2878377, "7_BidSrcIPadded1": 1634811150.6181319, "8_federation2": 1634811150.6182048, "9_service2Running": 1634811152.886075, "10_end": 1634811162.9449813}