{"0_start": 1634665979.660319, "1_BidProviderChosen0": 1634665985.1252432, "2_BidSrcIPadded0": 1634665998.8753057, "3_deploymentStarted": 1634665998.8754575, "4_serviceRunning": 1634666001.2008214, "5_federationFailed": 1634666006.2542045, "6_BidProviderChosen0": 1634666013.820768, "7_BidSrcIPadded0": 1634666019.3153298, "8_federation2": 1634666019.3153763, "9_service2Running": 1634666021.6366236, "10_end": 1634666031.7118907}