{"0_start": 1634809720.8241796, "1_BidProviderChosen1": 1634809735.4484937, "2_BidSrcIPadded1": 1634809757.242769, "3_deploymentStarted": 1634809757.2428584, "4_serviceRunning": 1634809759.496686, "5_federationFailed": 1634809762.5157917, "6_BidProviderChosen0": 1634809774.0433838, "7_BidSrcIPadded0": 1634809783.0665224, "8_federation2": 1634809783.0666165, "9_service2Running": 1634809785.5719824, "10_end": 1634809792.61147}