{"0_start": 1634811813.6162033, "1_announcementReceived_1": 1634811834.2120156, "2_BidIPsent1": 1634811834.379023, "3_winnerDomainReceived1": 1634811844.1568844, "4_announcementReceived_0": 1634811869.7033808, "5_BidIPsent0": 1634811869.87092, "6_winnerDomainReceived0": 1634811891.4773989, "7_deployFedService": 1634811891.5479262, "8_fedServiceRunning": 1634811893.7954524, "9_end": 1634811903.9032235}