{"0_start": 1634668149.7875366, "1_BidProviderChosen1": 1634668159.1002867, "2_BidSrcIPadded1": 1634668173.2666905, "3_deploymentStarted": 1634668173.266821, "4_serviceRunning": 1634668175.5300202, "5_federationFailed": 1634668185.6007643, "6_BidProviderChosen1": 1634668203.2748485, "7_BidSrcIPadded1": 1634668220.581897, "8_federation2": 1634668220.582001, "9_service2Running": 1634668222.8460763, "10_end": 1634668224.8585806}