{"0_start": 1634812340.5775645, "1_announcementReceived_0": 1634812376.5505223, "2_BidIPsent0": 1634812376.7165506, "3_winnerDomainReceived0": 1634812394.3038604, "4_deployFedService": 1634812394.3981018, "5_fedServiceRunning": 1634812396.6701548, "6_end": 1634812406.82654}