{"0_start": 1634813664.5452092, "1_announcementReceived_0": 1634813671.7570221, "2_BidIPsent0": 1634813671.8762946, "3_winnerDomainReceived0": 1634813682.7751765, "4_announcementReceived_1": 1634813706.841082, "5_BidIPsent1": 1634813707.0042572, "6_winnerDomainReceived1": 1634813724.0831907, "7_deployFedService": 1634813724.1540396, "8_fedServiceRunning": 1634813726.4132063, "9_end": 1634813736.5407436}