{"0_start": 1634811816.3565052, "1_announcementReceived_1": 1634811834.157838, "2_BidIPsent1": 1634811834.27618, "3_winnerDomainReceived1": 1634811844.1105888, "4_deployFedService": 1634811844.182045, "5_fedServiceRunning": 1634811846.4454024, "6_end": 1634811856.5636492}