{"0_start": 1634811695.1528547, "1_announcementReceived_0": 1634811715.8610783, "2_BidIPsent0": 1634811716.0284953, "3_winnerDomainReceived0": 1634811726.4216092, "4_deployFedService": 1634811726.4932199, "5_fedServiceRunning": 1634811728.740838, "6_end": 1634811738.8862617}