{"0_start": 1634813165.8056219, "1_announcementReceived_1": 1634813175.3697257, "2_BidIPsent1": 1634813175.5246408, "3_winnerDomainReceived1": 1634813189.8085055, "4_deployFedService": 1634813189.8781319, "5_fedServiceRunning": 1634813192.1442542, "6_end": 1634813202.2447133}