{"0_start": 1634810367.8030632, "1_announcementReceived_1": 1634810383.5190108, "2_BidIPsent1": 1634810383.686177, "3_winnerDomainReceived1": 1634810408.8602135, "4_announcementReceived_0": 1634810429.8268776, "5_BidIPsent0": 1634810429.9938574, "6_winnerDomainReceived0": 1634810437.5320709, "7_deployFedService": 1634810437.5952666, "8_fedServiceRunning": 1634810439.8535514, "9_end": 1634810449.9901476}