{"0_start": 1634665974.5495245, "1_announcementReceived_0": 1634665982.5373333, "2_BidIPsent0": 1634665982.680436, "3_winnerDomainReceived0": 1634665989.6673393, "4_announcementReceived_0": 1634666008.5057728, "5_BidIPsent0": 1634666008.6605115, "6_winnerDomainReceived0": 1634666016.1381729, "7_deployFedService": 1634666016.1747165, "8_fedServiceRunning": 1634666018.4580424, "9_end": 1634666028.5962262}