{"0_start": 1634810232.253872, "1_BidProviderChosen1": 1634810245.55428, "2_BidSrcIPadded1": 1634810257.5001192, "3_deploymentStarted": 1634810257.500229, "4_serviceRunning": 1634810259.7681274, "5_federationFailed": 1634810267.8186395, "6_BidProviderChosen1": 1634810281.757642, "7_BidSrcIPadded1": 1634810306.59179, "8_federation2": 1634810306.5918832, "9_service2Running": 1634810308.8383937, "10_end": 1634810310.8412092}