{"0_start": 1634809603.8651297, "1_announcementReceived_0": 1634809617.977835, "2_BidIPsent0": 1634809618.1444921, "3_winnerDomainReceived0": 1634809647.024798, "4_announcementReceived_0": 1634809670.9253592, "5_BidIPsent0": 1634809671.0497596, "6_winnerDomainReceived0": 1634809679.6024373, "7_deployFedService": 1634809679.6504314, "8_fedServiceRunning": 1634809681.8926492, "9_end": 1634809691.9755678}