{"0_start": 1634809101.2738385, "1_announcementReceived_1": 1634809119.8133674, "2_BidIPsent1": 1634809119.9110715, "3_winnerDomainReceived1": 1634809130.967972, "4_announcementReceived_1": 1634809157.4086215, "5_BidIPsent1": 1634809157.5282552, "6_winnerDomainReceived1": 1634809167.6923745, "7_deployFedService": 1634809167.762707, "8_fedServiceRunning": 1634809170.0083456, "9_end": 1634809180.0770144}