{"0_start": 1634809497.9724357, "1_BidProviderChosen1": 1634809516.7808177, "2_BidSrcIPadded1": 1634809523.1150413, "3_deploymentStarted": 1634809523.1150944, "4_serviceRunning": 1634809525.343682, "5_federationFailed": 1634809535.4051208, "6_BidProviderChosen1": 1634809547.4760883, "7_BidSrcIPadded1": 1634809563.174595, "8_federation2": 1634809563.1746733, "9_service2Running": 1634809565.4366841, "10_end": 1634809573.4798615}