{"0_start": 1634813662.850041, "1_announcementReceived_0": 1634813671.8180635, "2_BidIPsent0": 1634813671.961202, "3_winnerDomainReceived0": 1634813682.8153403, "4_deployFedService": 1634813682.862345, "5_fedServiceRunning": 1634813685.1155655, "6_end": 1634813695.2441776}