{"0_start": 1634811706.9514399, "1_BidProviderChosen0": 1634811721.3958654, "2_BidSrcIPadded0": 1634811731.4277546, "3_deploymentStarted": 1634811731.4278207, "4_serviceRunning": 1634811733.7130651, "5_federationFailed": 1634811742.761829, "6_BidProviderChosen0": 1634811762.8831851, "7_BidSrcIPadded0": 1634811772.4299474, "8_federation2": 1634811772.4300337, "9_service2Running": 1634811774.6946993, "10_end": 1634811782.7363162}