{"0_start": 1634809713.8683681, "1_announcementReceived_1": 1634809725.5042565, "2_BidIPsent1": 1634809725.6232638, "3_winnerDomainReceived1": 1634809746.619061, "4_deployFedService": 1634809746.6806197, "5_fedServiceRunning": 1634809748.9351444, "6_end": 1634809759.0151746}