{"0_start": 1634665974.6541646, "1_announcementReceived_0": 1634665982.4981146, "2_BidIPsent0": 1634665982.665662, "3_winnerDomainReceived0": 1634665989.6499033, "4_deployFedService": 1634665989.714862, "5_fedServiceRunning": 1634665991.9643884, "6_end": 1634666002.0401695}