{"0_start": 1634810590.593462, "1_announcementReceived_1": 1634810596.6215065, "2_BidIPsent1": 1634810596.7885222, "3_winnerDomainReceived1": 1634810605.6982331, "4_announcementReceived_1": 1634810635.5852587, "5_BidIPsent1": 1634810635.7163167, "6_winnerDomainReceived1": 1634810649.5778816, "7_deployFedService": 1634810649.6136005, "8_fedServiceRunning": 1634810651.8361437, "9_end": 1634810661.9270754}