{"0_start": 1634810594.2500744, "1_BidProviderChosen1": 1634810600.618972, "2_BidSrcIPadded1": 1634810611.4420867, "3_deploymentStarted": 1634810611.4421797, "4_serviceRunning": 1634810613.6823373, "5_federationFailed": 1634810621.72898, "6_BidProviderChosen1": 1634810640.2818682, "7_BidSrcIPadded1": 1634810662.865846, "8_federation2": 1634810662.8659165, "9_service2Running": 1634810665.1308553, "10_end": 1634810667.1338096}