{"0_start": 1634810587.4177246, "1_announcementReceived_1": 1634810596.617338, "2_BidIPsent1": 1634810596.7844377, "3_winnerDomainReceived1": 1634810605.7346177, "4_deployFedService": 1634810605.8056228, "5_fedServiceRunning": 1634810608.0402462, "6_end": 1634810618.1151857}