{"0_start": 1634809101.2732105, "1_announcementReceived_1": 1634809119.8047128, "2_BidIPsent1": 1634809119.8994393, "3_winnerDomainReceived1": 1634809131.0150888, "4_deployFedService": 1634809131.0785255, "5_fedServiceRunning": 1634809133.3189206, "6_end": 1634809143.411684}