{"0_start": 1634668134.8097167, "1_announcementReceived_1": 1634668154.75744, "2_BidIPsent1": 1634668154.8531415, "3_winnerDomainReceived1": 1634668169.4429898, "4_deployFedService": 1634668169.5072563, "5_fedServiceRunning": 1634668171.760624, "6_end": 1634668181.888656}