{"0_start": 1634811958.1978185, "1_announcementReceived_0": 1634811970.5294716, "2_BidIPsent0": 1634811970.6965098, "3_winnerDomainReceived0": 1634811986.3303013, "4_deployFedService": 1634811986.4018507, "5_fedServiceRunning": 1634811988.652137, "6_end": 1634811998.7404337}