{"0_start": 1634813008.0001452, "1_BidProviderChosen1": 1634813017.4403646, "2_BidSrcIPadded1": 1634813030.706409, "3_deploymentStarted": 1634813030.706536, "4_serviceRunning": 1634813032.958396, "5_federationFailed": 1634813037.989627, "6_BidProviderChosen1": 1634813048.990663, "7_BidSrcIPadded1": 1634813065.5846672, "8_federation2": 1634813065.5847971, "9_service2Running": 1634813067.8545358, "10_end": 1634813077.908286}