{"0_start": 1634809715.98176, "1_announcementReceived_1": 1634809725.4376078, "2_BidIPsent1": 1634809725.5322533, "3_winnerDomainReceived1": 1634809746.5369015, "4_announcementReceived_0": 1634809762.880947, "5_BidIPsent0": 1634809763.002782, "6_winnerDomainReceived0": 1634809776.5309181, "7_deployFedService": 1634809776.5948453, "8_fedServiceRunning": 1634809778.8444057, "9_end": 1634809788.876858}