{"0_start": 1634810376.5153363, "1_BidProviderChosen1": 1634810395.0436296, "2_BidSrcIPadded1": 1634810419.8054163, "3_deploymentStarted": 1634810419.805591, "4_serviceRunning": 1634810422.0823348, "5_federationFailed": 1634810424.0864046, "6_BidProviderChosen0": 1634810434.6303713, "7_BidSrcIPadded0": 1634810444.5955882, "8_federation2": 1634810444.595664, "9_service2Running": 1634810446.9194539, "10_end": 1634810453.9585233}