{"0_start": 1634813669.8175192, "1_BidProviderChosen0": 1634813673.4369712, "2_BidSrcIPadded0": 1634813694.9387996, "3_deploymentStarted": 1634813694.9389231, "4_serviceRunning": 1634813697.1706185, "5_federationFailed": 1634813699.1748044, "6_BidProviderChosen1": 1634813709.9155748, "7_BidSrcIPadded1": 1634813737.5614557, "8_federation2": 1634813737.5615692, "9_service2Running": 1634813739.8382645, "10_end": 1634813741.8405962}