{"0_start": 1634813285.000104, "1_BidProviderChosen0": 1634813302.0956218, "2_BidSrcIPadded0": 1634813316.7258947, "3_deploymentStarted": 1634813316.7260087, "4_serviceRunning": 1634813318.96825, "5_federationFailed": 1634813325.0005925, "6_BidProviderChosen1": 1634813327.1904953, "7_BidSrcIPadded1": 1634813347.0890052, "8_federation2": 1634813347.089045, "9_service2Running": 1634813349.3663476, "10_end": 1634813358.409601}