{"0_start": 1634810226.0038502, "1_announcementReceived_1": 1634810237.96569, "2_BidIPsent1": 1634810238.1314814, "3_winnerDomainReceived1": 1634810251.399439, "4_announcementReceived_1": 1634810275.264333, "5_BidIPsent1": 1634810275.4546745, "6_winnerDomainReceived1": 1634810294.2923765, "7_deployFedService": 1634810294.3364685, "8_fedServiceRunning": 1634810296.5820115, "9_end": 1634810306.6651874}