{"0_start": 1634813278.533115, "1_announcementReceived_0": 1634813297.1929445, "2_BidIPsent0": 1634813297.2876694, "3_winnerDomainReceived0": 1634813308.4105442, "4_deployFedService": 1634813308.4621627, "5_fedServiceRunning": 1634813310.722665, "6_end": 1634813320.8345776}