{"0_start": 1634809601.513069, "1_announcementReceived_0": 1634809617.9525921, "2_BidIPsent0": 1634809618.0476623, "3_winnerDomainReceived0": 1634809647.0496185, "4_deployFedService": 1634809647.121499, "5_fedServiceRunning": 1634809649.3637376, "6_end": 1634809659.4649503}