{"0_start": 1634813001.6062963, "1_announcementReceived_1": 1634813011.8415701, "2_BidIPsent1": 1634813011.9362068, "3_winnerDomainReceived1": 1634813021.8263183, "4_announcementReceived_1": 1634813041.0056248, "5_BidIPsent1": 1634813041.1004145, "6_winnerDomainReceived1": 1634813061.448712, "7_deployFedService": 1634813061.5182176, "8_fedServiceRunning": 1634813063.7610245, "9_end": 1634813073.8204176}