{"0_start": 1634809483.361463, "1_announcementReceived_1": 1634809503.0742981, "2_BidIPsent1": 1634809503.2403367, "3_winnerDomainReceived1": 1634809519.2165942, "4_announcementReceived_1": 1634809542.8932025, "5_BidIPsent1": 1634809543.0604794, "6_winnerDomainReceived1": 1634809557.5772145, "7_deployFedService": 1634809557.6100624, "8_fedServiceRunning": 1634809559.8413527, "9_end": 1634809569.9795146}