{"0_start": 1634813170.7332382, "1_BidProviderChosen1": 1634813179.7526774, "2_BidSrcIPadded1": 1634813201.257435, "3_deploymentStarted": 1634813201.257566, "4_serviceRunning": 1634813203.5253687, "5_federationFailed": 1634813205.5299187, "6_BidProviderChosen1": 1634813210.527152, "7_BidSrcIPadded1": 1634813226.5371437, "8_federation2": 1634813226.5372002, "9_service2Running": 1634813229.0596454, "10_end": 1634813234.089953}