{"0_start": 1634810228.5456412, "1_announcementReceived_1": 1634810237.9176123, "2_BidIPsent1": 1634810237.9558196, "3_winnerDomainReceived1": 1634810251.3682053, "4_deployFedService": 1634810251.4141896, "5_fedServiceRunning": 1634810253.6519086, "6_end": 1634810263.7935176}