{"0_start": 1634809609.438217, "1_BidProviderChosen0": 1634809638.298436, "2_BidSrcIPadded0": 1634809651.578161, "3_deploymentStarted": 1634809651.578239, "4_serviceRunning": 1634809653.8301167, "5_federationFailed": 1634809662.8801715, "6_BidProviderChosen0": 1634809674.6816149, "7_BidSrcIPadded0": 1634809688.8439977, "8_federation2": 1634809688.8440309, "9_service2Running": 1634809691.088553, "10_end": 1634809696.1176176}