{"0_start": 1634811699.3928869, "1_announcementReceived_0": 1634811715.8766263, "2_BidIPsent0": 1634811716.0325968, "3_winnerDomainReceived0": 1634811726.4439862, "4_announcementReceived_0": 1634811744.7849686, "5_BidIPsent0": 1634811744.8803, "6_winnerDomainReceived0": 1634811767.7445421, "7_deployFedService": 1634811767.778025, "8_fedServiceRunning": 1634811770.0604537, "9_end": 1634811780.1432176}