{"0_start": 1634811079.5138407, "1_announcementReceived_0": 1634811091.39372, "2_BidIPsent0": 1634811091.4896798, "3_winnerDomainReceived0": 1634811106.10307, "4_announcementReceived_1": 1634811134.9976082, "5_BidIPsent1": 1634811135.1644306, "6_winnerDomainReceived1": 1634811146.5003026, "7_deployFedService": 1634811146.5334735, "8_fedServiceRunning": 1634811148.7675445, "9_end": 1634811158.859204}