{"0_start": 1634813280.581446, "1_announcementReceived_0": 1634813297.2662582, "2_BidIPsent0": 1634813297.456677, "3_winnerDomainReceived0": 1634813308.4622712, "4_announcementReceived_1": 1634813326.2333267, "5_BidIPsent1": 1634813326.412627, "6_winnerDomainReceived1": 1634813342.5547764, "7_deployFedService": 1634813342.6262982, "8_fedServiceRunning": 1634813344.8734393, "9_end": 1634813354.9642625}